<?xml version="1.0" encoding="UTF-8"?>
<gpx xmlns="http://www.topografix.com/GPX/1/1" xmlns:xsi="http://www.w3.org/2001/XMLSchema-instance" xsi:schemaLocation="http://www.topografix.com/GPX/1/1 http://www.topografix.com/GPX/1/1/gpx.xsd" version="1.1" creator="gpx.py -- https://github.com/tkrajina/gpxpy">
  <trk>
    <name>[Itinéraire] A-Ascension ventoux par Malaucène</name>
    <desc>Modifié: 26 semaines</desc>
    <trkseg>
      <trkpt lat="44.17317871264458" lon="5.133935422851191">
        <ele>330.0</ele>
      </trkpt>
      <trkpt lat="44.17317506407707" lon="5.133982252476318">
        <ele>330.0</ele>
      </trkpt>
      <trkpt lat="44.17315229580064" lon="5.134274479004436">
        <ele>331.0</ele>
      </trkpt>
      <trkpt lat="44.17313414048288" lon="5.13450072352798">
        <ele>331.0</ele>
      </trkpt>
      <trkpt lat="44.173115984698754" lon="5.134726967906969">
        <ele>332.0</ele>
      </trkpt>
      <trkpt lat="44.173097828448256" lon="5.134953212141402">
        <ele>333.0</ele>
      </trkpt>
      <trkpt lat="44.17309934357678" lon="5.135007208977644">
        <ele>333.0</ele>
      </trkpt>
      <trkpt lat="44.17310126049289" lon="5.135083582032762">
        <ele>334.0</ele>
      </trkpt>
      <trkpt lat="44.17310119859366" lon="5.13508620689399">
        <ele>335.0</ele>
      </trkpt>
      <trkpt lat="44.17310897265462" lon="5.135310170285854">
        <ele>336.0</ele>
      </trkpt>
      <trkpt lat="44.17307643794228" lon="5.135608074013991">
        <ele>337.0</ele>
      </trkpt>
      <trkpt lat="44.173043902421604" lon="5.135905977401034">
        <ele>338.0</ele>
      </trkpt>
      <trkpt lat="44.173011366092574" lon="5.1362038804469785">
        <ele>339.0</ele>
      </trkpt>
      <trkpt lat="44.17295317237334" lon="5.136493114492732">
        <ele>339.0</ele>
      </trkpt>
      <trkpt lat="44.17294464304402" lon="5.136532163955392">
        <ele>340.0</ele>
      </trkpt>
      <trkpt lat="44.17292524483693" lon="5.1366285801450395">
        <ele>340.0</ele>
      </trkpt>
      <trkpt lat="44.172916678946386" lon="5.136668949291387">
        <ele>340.0</ele>
      </trkpt>
      <trkpt lat="44.1728907386777" lon="5.136800563759766">
        <ele>341.0</ele>
      </trkpt>
      <trkpt lat="44.17287986998635" lon="5.136857915407352">
        <ele>342.0</ele>
      </trkpt>
      <trkpt lat="44.1728616074574" lon="5.1369464925667785">
        <ele>343.0</ele>
      </trkpt>
      <trkpt lat="44.17269889734256" lon="5.137116031194194">
        <ele>344.0</ele>
      </trkpt>
      <trkpt lat="44.17253618697958" lon="5.137285568850826">
        <ele>345.0</ele>
      </trkpt>
      <trkpt lat="44.172373476368435" lon="5.137455105536683">
        <ele>346.0</ele>
      </trkpt>
      <trkpt lat="44.17221076550913" lon="5.137624641251768">
        <ele>348.0</ele>
      </trkpt>
      <trkpt lat="44.172066408104214" lon="5.137759859890138">
        <ele>349.0</ele>
      </trkpt>
      <trkpt lat="44.1719230105488" lon="5.137894468438782">
        <ele>351.0</ele>
      </trkpt>
      <trkpt lat="44.17177961283897" lon="5.138029076308147">
        <ele>352.0</ele>
      </trkpt>
      <trkpt lat="44.171692980250334" lon="5.138216563196056">
        <ele>353.0</ele>
      </trkpt>
      <trkpt lat="44.171606347345225" lon="5.138404049512374">
        <ele>354.0</ele>
      </trkpt>
      <trkpt lat="44.17151971412366" lon="5.1385915352571025">
        <ele>355.0</ele>
      </trkpt>
      <trkpt lat="44.1714617173941" lon="5.138717683134397">
        <ele>356.0</ele>
      </trkpt>
      <trkpt lat="44.171376620054765" lon="5.138926067508201">
        <ele>357.0</ele>
      </trkpt>
      <trkpt lat="44.17129152232337" lon="5.139134451257968">
        <ele>359.0</ele>
      </trkpt>
      <trkpt lat="44.17112945705581" lon="5.139316176194259">
        <ele>360.0</ele>
      </trkpt>
      <trkpt lat="44.17096739150098" lon="5.13949790009414">
        <ele>361.0</ele>
      </trkpt>
      <trkpt lat="44.17087429882537" lon="5.139733193337999">
        <ele>363.0</ele>
      </trkpt>
      <trkpt lat="44.17078120564967" lon="5.139968485811041">
        <ele>364.0</ele>
      </trkpt>
      <trkpt lat="44.17068811197386" lon="5.140203777513265">
        <ele>365.0</ele>
      </trkpt>
      <trkpt lat="44.170595017797936" lon="5.140439068444668">
        <ele>366.0</ele>
      </trkpt>
      <trkpt lat="44.17057892514182" lon="5.14047776327305">
        <ele>368.0</ele>
      </trkpt>
      <trkpt lat="44.170426889244425" lon="5.140681435772876">
        <ele>369.0</ele>
      </trkpt>
      <trkpt lat="44.17027485298101" lon="5.140885107183019">
        <ele>370.0</ele>
      </trkpt>
      <trkpt lat="44.17012281635157" lon="5.141088777503481">
        <ele>371.0</ele>
      </trkpt>
      <trkpt lat="44.17011981654722" lon="5.141095217090796">
        <ele>372.0</ele>
      </trkpt>
      <trkpt lat="44.1700468040939" lon="5.14127391254261">
        <ele>372.0</ele>
      </trkpt>
      <trkpt lat="44.16997379135233" lon="5.1414526075353">
        <ele>373.0</ele>
      </trkpt>
      <trkpt lat="44.16983135757931" lon="5.141634594485824">
        <ele>374.0</ele>
      </trkpt>
      <trkpt lat="44.16968892351501" lon="5.141816580524189">
        <ele>375.0</ele>
      </trkpt>
      <trkpt lat="44.169546489159444" lon="5.141998565650397">
        <ele>376.0</ele>
      </trkpt>
      <trkpt lat="44.16940405451261" lon="5.142180549864454">
        <ele>377.0</ele>
      </trkpt>
      <trkpt lat="44.16932355701117" lon="5.142181996008735">
        <ele>377.0</ele>
      </trkpt>
      <trkpt lat="44.169229757369095" lon="5.1421854475735795">
        <ele>378.0</ele>
      </trkpt>
      <trkpt lat="44.16911975451595" lon="5.142193392161157">
        <ele>378.0</ele>
      </trkpt>
      <trkpt lat="44.16890334185163" lon="5.142147634176118">
        <ele>378.0</ele>
      </trkpt>
      <trkpt lat="44.16868692919274" lon="5.142101876539546">
        <ele>378.0</ele>
      </trkpt>
      <trkpt lat="44.16847051653926" lon="5.142056119251432">
        <ele>378.0</ele>
      </trkpt>
      <trkpt lat="44.16825410389122" lon="5.142010362311779">
        <ele>379.0</ele>
      </trkpt>
      <trkpt lat="44.168037691248635" lon="5.1419646057205775">
        <ele>379.0</ele>
      </trkpt>
      <trkpt lat="44.16800662370657" lon="5.141957872956438">
        <ele>380.0</ele>
      </trkpt>
      <trkpt lat="44.16799625381867" lon="5.141956071004068">
        <ele>380.0</ele>
      </trkpt>
      <trkpt lat="44.167988717680544" lon="5.141954398389318">
        <ele>380.0</ele>
      </trkpt>
      <trkpt lat="44.16787094986671" lon="5.141931728012936">
        <ele>381.0</ele>
      </trkpt>
      <trkpt lat="44.16778793483524" lon="5.141919899796642">
        <ele>381.0</ele>
      </trkpt>
      <trkpt lat="44.167737918047784" lon="5.141913593643052">
        <ele>381.0</ele>
      </trkpt>
      <trkpt lat="44.16772565914087" lon="5.141911697984417">
        <ele>382.0</ele>
      </trkpt>
      <trkpt lat="44.167589903774" lon="5.141927626258948">
        <ele>382.0</ele>
      </trkpt>
      <trkpt lat="44.167466777281724" lon="5.142007279546971">
        <ele>383.0</ele>
      </trkpt>
      <trkpt lat="44.167369840181614" lon="5.142100011147441">
        <ele>383.0</ele>
      </trkpt>
      <trkpt lat="44.16729039512618" lon="5.142251426897904">
        <ele>384.0</ele>
      </trkpt>
      <trkpt lat="44.16728593747327" lon="5.142278841554192">
        <ele>385.0</ele>
      </trkpt>
      <trkpt lat="44.16708652165763" lon="5.142394334372632">
        <ele>387.0</ele>
      </trkpt>
      <trkpt lat="44.16688710574125" lon="5.1425098263806515">
        <ele>389.0</ele>
      </trkpt>
      <trkpt lat="44.16668768972411" lon="5.142625317578254">
        <ele>392.0</ele>
      </trkpt>
      <trkpt lat="44.166488273606205" lon="5.142740807965449">
        <ele>395.0</ele>
      </trkpt>
      <trkpt lat="44.16628885738757" lon="5.14285629754225">
        <ele>399.0</ele>
      </trkpt>
      <trkpt lat="44.16608944106819" lon="5.1429717863086575">
        <ele>404.0</ele>
      </trkpt>
      <trkpt lat="44.16587409519163" lon="5.142887722599128">
        <ele>408.0</ele>
      </trkpt>
      <trkpt lat="44.16565874927496" lon="5.1428036595265905">
        <ele>413.0</ele>
      </trkpt>
      <trkpt lat="44.16544340331819" lon="5.142719597091035">
        <ele>418.0</ele>
      </trkpt>
      <trkpt lat="44.16522805732131" lon="5.142635535292456">
        <ele>424.0</ele>
      </trkpt>
      <trkpt lat="44.165012711284334" lon="5.142551474130848">
        <ele>429.0</ele>
      </trkpt>
      <trkpt lat="44.16479736520727" lon="5.142467413606201">
        <ele>434.0</ele>
      </trkpt>
      <trkpt lat="44.16463780374734" lon="5.1423346627540125">
        <ele>438.0</ele>
      </trkpt>
      <trkpt lat="44.164478242140106" lon="5.142201912647149">
        <ele>441.0</ele>
      </trkpt>
      <trkpt lat="44.16431868038556" lon="5.142069163285601">
        <ele>444.0</ele>
      </trkpt>
      <trkpt lat="44.16415911848376" lon="5.141936414669368">
        <ele>446.0</ele>
      </trkpt>
      <trkpt lat="44.16399955643466" lon="5.141803666798439">
        <ele>447.0</ele>
      </trkpt>
      <trkpt lat="44.16398673641498" lon="5.141785966991299">
        <ele>449.0</ele>
      </trkpt>
      <trkpt lat="44.1638934519986" lon="5.1416526737592205">
        <ele>450.0</ele>
      </trkpt>
      <trkpt lat="44.16388976690376" lon="5.141648557199867">
        <ele>451.0</ele>
      </trkpt>
      <trkpt lat="44.16371910701887" lon="5.1414471636042345">
        <ele>452.0</ele>
      </trkpt>
      <trkpt lat="44.163548446779515" lon="5.141245771217947">
        <ele>453.0</ele>
      </trkpt>
      <trkpt lat="44.163409078508984" lon="5.141235228767831">
        <ele>454.0</ele>
      </trkpt>
      <trkpt lat="44.16326971024763" lon="5.141224686369414">
        <ele>456.0</ele>
      </trkpt>
      <trkpt lat="44.16317525124926" lon="5.141216271471639">
        <ele>457.0</ele>
      </trkpt>
      <trkpt lat="44.162975617065314" lon="5.1412171549537">
        <ele>459.0</ele>
      </trkpt>
      <trkpt lat="44.162775982902296" lon="5.141218038429554">
        <ele>461.0</ele>
      </trkpt>
      <trkpt lat="44.1625763487602" lon="5.141218921899204">
        <ele>463.0</ele>
      </trkpt>
      <trkpt lat="44.162376714639024" lon="5.141219805362646">
        <ele>464.0</ele>
      </trkpt>
      <trkpt lat="44.16217708053878" lon="5.1412206888198835">
        <ele>466.0</ele>
      </trkpt>
      <trkpt lat="44.16199813518546" lon="5.141314566430942">
        <ele>468.0</ele>
      </trkpt>
      <trkpt lat="44.16181918976866" lon="5.141408443450925">
        <ele>469.0</ele>
      </trkpt>
      <trkpt lat="44.16163190495183" lon="5.141388773788535">
        <ele>471.0</ele>
      </trkpt>
      <trkpt lat="44.16144462014993" lon="5.14136910425576">
        <ele>473.0</ele>
      </trkpt>
      <trkpt lat="44.16125733536291" lon="5.141349434852599">
        <ele>474.0</ele>
      </trkpt>
      <trkpt lat="44.161099553151956" lon="5.141360968514345">
        <ele>476.0</ele>
      </trkpt>
      <trkpt lat="44.1609417709529" lon="5.141372502112062">
        <ele>477.0</ele>
      </trkpt>
      <trkpt lat="44.16077436656491" lon="5.141459272274823">
        <ele>479.0</ele>
      </trkpt>
      <trkpt lat="44.160606962123005" lon="5.141546041926506">
        <ele>480.0</ele>
      </trkpt>
      <trkpt lat="44.160439557627214" lon="5.141632811067115">
        <ele>482.0</ele>
      </trkpt>
      <trkpt lat="44.16027215307751" lon="5.141719579696654">
        <ele>484.0</ele>
      </trkpt>
      <trkpt lat="44.16011436836982" lon="5.141893923766559">
        <ele>486.0</ele>
      </trkpt>
      <trkpt lat="44.159956583398106" lon="5.1420682668685895">
        <ele>487.0</ele>
      </trkpt>
      <trkpt lat="44.159877049508886" lon="5.142252445736338">
        <ele>489.0</ele>
      </trkpt>
      <trkpt lat="44.15979751531374" lon="5.142436624088694">
        <ele>491.0</ele>
      </trkpt>
      <trkpt lat="44.159717980812665" lon="5.142620801925658">
        <ele>493.0</ele>
      </trkpt>
      <trkpt lat="44.15972567782766" lon="5.142797827696672">
        <ele>494.0</ele>
      </trkpt>
      <trkpt lat="44.159733374556986" lon="5.142974853515624">
        <ele>496.0</ele>
      </trkpt>
      <trkpt lat="44.159823812808334" lon="5.143159925643204">
        <ele>498.0</ele>
      </trkpt>
      <trkpt lat="44.15991425075173" lon="5.143344998359678">
        <ele>500.0</ele>
      </trkpt>
      <trkpt lat="44.16004766249608" lon="5.143486260704714">
        <ele>502.0</ele>
      </trkpt>
      <trkpt lat="44.16018107406788" lon="5.14362752371283">
        <ele>504.0</ele>
      </trkpt>
      <trkpt lat="44.16031448546708" lon="5.143768787384032">
        <ele>506.0</ele>
      </trkpt>
      <trkpt lat="44.160484776608605" lon="5.143969414946188">
        <ele>508.0</ele>
      </trkpt>
      <trkpt lat="44.160655067398416" lon="5.144170043710421">
        <ele>511.0</ele>
      </trkpt>
      <trkpt lat="44.160825357836515" lon="5.144370673676742">
        <ele>513.0</ele>
      </trkpt>
      <trkpt lat="44.16099564792286" lon="5.144571304845157">
        <ele>515.0</ele>
      </trkpt>
      <trkpt lat="44.161074539118964" lon="5.144687712292911">
        <ele>517.0</ele>
      </trkpt>
      <trkpt lat="44.161153430194794" lon="5.144804120063781">
        <ele>518.0</ele>
      </trkpt>
      <trkpt lat="44.16119191361172" lon="5.144954323768615">
        <ele>520.0</ele>
      </trkpt>
      <trkpt lat="44.16116689961402" lon="5.145176947214818">
        <ele>521.0</ele>
      </trkpt>
      <trkpt lat="44.16114188516482" lon="5.145399570465087">
        <ele>523.0</ele>
      </trkpt>
      <trkpt lat="44.161157278537594" lon="5.145603418350219">
        <ele>524.0</ele>
      </trkpt>
      <trkpt lat="44.161259259624565" lon="5.145804583665426">
        <ele>526.0</ele>
      </trkpt>
      <trkpt lat="44.16136124034807" lon="5.146005749702453">
        <ele>528.0</ele>
      </trkpt>
      <trkpt lat="44.16137278548116" lon="5.146185457669951">
        <ele>530.0</ele>
      </trkpt>
      <trkpt lat="44.161384330319905" lon="5.146365165710447">
        <ele>531.0</ele>
      </trkpt>
      <trkpt lat="44.161422813783176" lon="5.1465797422863675">
        <ele>533.0</ele>
      </trkpt>
      <trkpt lat="44.161461296827476" lon="5.14679431915283">
        <ele>534.0</ele>
      </trkpt>
      <trkpt lat="44.161392026975165" lon="5.147024989128112">
        <ele>536.0</ele>
      </trkpt>
      <trkpt lat="44.16123424534137" lon="5.14706790447235">
        <ele>538.0</ele>
      </trkpt>
      <trkpt lat="44.16106876639724" lon="5.146965980233068">
        <ele>540.0</ele>
      </trkpt>
      <trkpt lat="44.1609032873728" lon="5.146864056587218">
        <ele>541.0</ele>
      </trkpt>
      <trkpt lat="44.1606877788603" lon="5.146845818089786">
        <ele>543.0</ele>
      </trkpt>
      <trkpt lat="44.16059156944879" lon="5.146944522857666">
        <ele>545.0</ele>
      </trkpt>
      <trkpt lat="44.160524223089325" lon="5.147226155137901">
        <ele>547.0</ele>
      </trkpt>
      <trkpt lat="44.16045687600913" lon="5.147507786750793">
        <ele>548.0</ele>
      </trkpt>
      <trkpt lat="44.16034912103596" lon="5.147711634635924">
        <ele>550.0</ele>
      </trkpt>
      <trkpt lat="44.16016824617434" lon="5.147872567176817">
        <ele>551.0</ele>
      </trkpt>
      <trkpt lat="44.16016773217193" lon="5.147873955368961">
        <ele>553.0</ele>
      </trkpt>
      <trkpt lat="44.16010667162686" lon="5.148038864135741">
        <ele>555.0</ele>
      </trkpt>
      <trkpt lat="44.160075884661914" lon="5.148312449603439">
        <ele>557.0</ele>
      </trkpt>
      <trkpt lat="44.16004509701509" lon="5.148586034774779">
        <ele>559.0</ele>
      </trkpt>
      <trkpt lat="44.159985446845525" lon="5.1488542559577315">
        <ele>561.0</ele>
      </trkpt>
      <trkpt lat="44.159925796021945" lon="5.149122476577758">
        <ele>563.0</ele>
      </trkpt>
      <trkpt lat="44.159818040078875" lon="5.149149298667909">
        <ele>564.0</ele>
      </trkpt>
      <trkpt lat="44.159648708539486" lon="5.1490312807681375">
        <ele>566.0</ele>
      </trkpt>
      <trkpt lat="44.15947937688819" lon="5.148913263571483">
        <ele>568.0</ele>
      </trkpt>
      <trkpt lat="44.159310045125004" lon="5.148795247077941">
        <ele>570.0</ele>
      </trkpt>
      <trkpt lat="44.15920228805737" lon="5.148639678955077">
        <ele>571.0</ele>
      </trkpt>
      <trkpt lat="44.15910992498692" lon="5.148358046550909">
        <ele>573.0</ele>
      </trkpt>
      <trkpt lat="44.15901756119784" lon="5.148076415061949">
        <ele>574.0</ele>
      </trkpt>
      <trkpt lat="44.1589444400092" lon="5.147955715501021">
        <ele>576.0</ele>
      </trkpt>
      <trkpt lat="44.15887131869055" lon="5.1478350162506095">
        <ele>577.0</ele>
      </trkpt>
      <trkpt lat="44.15877125777151" lon="5.147741138769842">
        <ele>579.0</ele>
      </trkpt>
      <trkpt lat="44.1586711967774" lon="5.147647261619566">
        <ele>580.0</ele>
      </trkpt>
      <trkpt lat="44.15846337642247" lon="5.147591828894618">
        <ele>582.0</ele>
      </trkpt>
      <trkpt lat="44.15825555606226" lon="5.147536396574978">
        <ele>584.0</ele>
      </trkpt>
      <trkpt lat="44.1580477356968" lon="5.147480964660644">
        <ele>586.0</ele>
      </trkpt>
      <trkpt lat="44.157841837811276" lon="5.1474004980987464">
        <ele>588.0</ele>
      </trkpt>
      <trkpt lat="44.15763593988905" lon="5.147320032119751">
        <ele>590.0</ele>
      </trkpt>
      <trkpt lat="44.157488410760735" lon="5.147250294323395">
        <ele>592.0</ele>
      </trkpt>
      <trkpt lat="44.157340881599545" lon="5.147180556889008">
        <ele>593.0</ele>
      </trkpt>
      <trkpt lat="44.157193352405486" lon="5.1471108198165885">
        <ele>595.0</ele>
      </trkpt>
      <trkpt lat="44.15703363501482" lon="5.147105455383487">
        <ele>596.0</ele>
      </trkpt>
      <trkpt lat="44.156873917637334" lon="5.147100090980529">
        <ele>598.0</ele>
      </trkpt>
      <trkpt lat="44.156671863614086" lon="5.147161782445682">
        <ele>600.0</ele>
      </trkpt>
      <trkpt lat="44.156469809577644" lon="5.14722347347229">
        <ele>602.0</ele>
      </trkpt>
      <trkpt lat="44.15626775552802" lon="5.147285164060361">
        <ele>604.0</ele>
      </trkpt>
      <trkpt lat="44.15606570146522" lon="5.147346854209899">
        <ele>605.0</ele>
      </trkpt>
      <trkpt lat="44.155977181878505" lon="5.147443413734435">
        <ele>607.0</ele>
      </trkpt>
      <trkpt lat="44.15594639242593" lon="5.147575378941837">
        <ele>608.0</ele>
      </trkpt>
      <trkpt lat="44.15596563583568" lon="5.147743821144104">
        <ele>610.0</ele>
      </trkpt>
      <trkpt lat="44.156075323112695" lon="5.147864520316885">
        <ele>611.0</ele>
      </trkpt>
      <trkpt lat="44.156185010263236" lon="5.147985219955443">
        <ele>613.0</ele>
      </trkpt>
      <trkpt lat="44.15635050254782" lon="5.148112892994809">
        <ele>615.0</ele>
      </trkpt>
      <trkpt lat="44.15651599469819" lon="5.14824056677753">
        <ele>617.0</ele>
      </trkpt>
      <trkpt lat="44.15665839435604" lon="5.148406863319888">
        <ele>619.0</ele>
      </trkpt>
      <trkpt lat="44.156800793772454" lon="5.148573160695377">
        <ele>622.0</ele>
      </trkpt>
      <trkpt lat="44.15693164702988" lon="5.1488022205560515">
        <ele>624.0</ele>
      </trkpt>
      <trkpt lat="44.157062499817954" lon="5.1490312814712516">
        <ele>626.0</ele>
      </trkpt>
      <trkpt lat="44.15712664378714" lon="5.149283408549671">
        <ele>627.0</ele>
      </trkpt>
      <trkpt lat="44.15719078717893" lon="5.149535536197071">
        <ele>629.0</ele>
      </trkpt>
      <trkpt lat="44.15725492999331" lon="5.14978766441345">
        <ele>631.0</ele>
      </trkpt>
      <trkpt lat="44.15725493019284" lon="5.149996876716614">
        <ele>632.0</ele>
      </trkpt>
      <trkpt lat="44.15725492999331" lon="5.150206089019774">
        <ele>634.0</ele>
      </trkpt>
      <trkpt lat="44.15724081894257" lon="5.1504349709693455">
        <ele>636.0</ele>
      </trkpt>
      <trkpt lat="44.157226707414324" lon="5.150663852805285">
        <ele>638.0</ele>
      </trkpt>
      <trkpt lat="44.15721259540854" lon="5.150892734527587">
        <ele>640.0</ele>
      </trkpt>
      <trkpt lat="44.15729085078968" lon="5.151164530959453">
        <ele>642.0</ele>
      </trkpt>
      <trkpt lat="44.15736910550053" lon="5.151436328139629">
        <ele>643.0</ele>
      </trkpt>
      <trkpt lat="44.157447359541074" lon="5.151708126068114">
        <ele>645.0</ele>
      </trkpt>
      <trkpt lat="44.15751663430646" lon="5.151908397186447">
        <ele>647.0</ele>
      </trkpt>
      <trkpt lat="44.157585908708725" lon="5.152108668792892">
        <ele>649.0</ele>
      </trkpt>
      <trkpt lat="44.15765518274782" lon="5.152308940887451">
        <ele>650.0</ele>
      </trkpt>
      <trkpt lat="44.157765508378965" lon="5.1524716609360794">
        <ele>652.0</ele>
      </trkpt>
      <trkpt lat="44.157875833775144" lon="5.1526343816163145">
        <ele>654.0</ele>
      </trkpt>
      <trkpt lat="44.15798615893633" lon="5.152797102928162">
        <ele>655.0</ele>
      </trkpt>
      <trkpt lat="44.15813753495109" lon="5.15298664468907">
        <ele>657.0</ele>
      </trkpt>
      <trkpt lat="44.15828891065038" lon="5.153176187459456">
        <ele>659.0</ele>
      </trkpt>
      <trkpt lat="44.15844028603417" lon="5.153365731239318">
        <ele>661.0</ele>
      </trkpt>
      <trkpt lat="44.15853592441703" lon="5.153574953455541">
        <ele>662.0</ele>
      </trkpt>
      <trkpt lat="44.158631562405596" lon="5.153784176375767">
        <ele>665.0</ele>
      </trkpt>
      <trkpt lat="44.1587271999999" lon="5.153993399999999">
        <ele>667.0</ele>
      </trkpt>
      <trkpt lat="44.158909803596025" lon="5.154080539941788">
        <ele>669.0</ele>
      </trkpt>
      <trkpt lat="44.15910992469989" lon="5.154068470001221">
        <ele>671.0</ele>
      </trkpt>
      <trkpt lat="44.159298499449335" lon="5.153993368397944">
        <ele>673.0</ele>
      </trkpt>
      <trkpt lat="44.15948707416607" lon="5.153918266296386">
        <ele>674.0</ele>
      </trkpt>
      <trkpt lat="44.15967949613651" lon="5.153993367894578">
        <ele>676.0</ele>
      </trkpt>
      <trkpt lat="44.159871918075034" lon="5.154068470001221">
        <ele>677.0</ele>
      </trkpt>
      <trkpt lat="44.16008358076406" lon="5.1540577412051105">
        <ele>679.0</ele>
      </trkpt>
      <trkpt lat="44.16029524347561" lon="5.1540470123291025">
        <ele>680.0</ele>
      </trkpt>
      <trkpt lat="44.160452257354" lon="5.154169319708812">
        <ele>682.0</ele>
      </trkpt>
      <trkpt lat="44.160609271108996" lon="5.1542916277641995">
        <ele>683.0</ele>
      </trkpt>
      <trkpt lat="44.16076628474056" lon="5.154413936495274">
        <ele>685.0</ele>
      </trkpt>
      <trkpt lat="44.16092329824869" lon="5.154536245902038">
        <ele>686.0</ele>
      </trkpt>
      <trkpt lat="44.16108031163343" lon="5.154658555984496">
        <ele>688.0</ele>
      </trkpt>
      <trkpt lat="44.16121372067855" lon="5.154772996365285">
        <ele>689.0</ele>
      </trkpt>
      <trkpt lat="44.161347129613624" lon="5.154887437283251">
        <ele>690.0</ele>
      </trkpt>
      <trkpt lat="44.161480538438674" lon="5.155001878738403">
        <ele>691.0</ele>
      </trkpt>
      <trkpt lat="44.16164601596668" lon="5.155194997225274">
        <ele>691.0</ele>
      </trkpt>
      <trkpt lat="44.161811493169104" lon="5.155388116836546">
        <ele>692.0</ele>
      </trkpt>
      <trkpt lat="44.16192052849813" lon="5.155615209661915">
        <ele>693.0</ele>
      </trkpt>
      <trkpt lat="44.162029563363255" lon="5.155842303358508">
        <ele>694.0</ele>
      </trkpt>
      <trkpt lat="44.162138597764454" lon="5.156069397926331">
        <ele>695.0</ele>
      </trkpt>
      <trkpt lat="44.16219728503189" lon="5.156357734502347">
        <ele>697.0</ele>
      </trkpt>
      <trkpt lat="44.16225597154317" lon="5.156646071673759">
        <ele>698.0</ele>
      </trkpt>
      <trkpt lat="44.16231465729835" lon="5.156934409440556">
        <ele>699.0</ele>
      </trkpt>
      <trkpt lat="44.162373342297414" lon="5.1572227478027335">
        <ele>700.0</ele>
      </trkpt>
      <trkpt lat="44.16239162252066" lon="5.157490968445455">
        <ele>701.0</ele>
      </trkpt>
      <trkpt lat="44.16240990208821" lon="5.157759189260691">
        <ele>702.0</ele>
      </trkpt>
      <trkpt lat="44.16242818100007" lon="5.158027410248439">
        <ele>702.0</ele>
      </trkpt>
      <trkpt lat="44.16244645925625" lon="5.158295631408691">
        <ele>703.0</ele>
      </trkpt>
      <trkpt lat="44.162496486740366" lon="5.158486068081142">
        <ele>703.0</ele>
      </trkpt>
      <trkpt lat="44.162546513895194" lon="5.158676505088806">
        <ele>704.0</ele>
      </trkpt>
      <trkpt lat="44.16268248511976" lon="5.158796309851628">
        <ele>704.0</ele>
      </trkpt>
      <trkpt lat="44.1628184562232" lon="5.158916115187624">
        <ele>704.0</ele>
      </trkpt>
      <trkpt lat="44.16295442720548" lon="5.1590359210968">
        <ele>704.0</ele>
      </trkpt>
      <trkpt lat="44.163110279979655" lon="5.159151255768203">
        <ele>705.0</ele>
      </trkpt>
      <trkpt lat="44.16326613264532" lon="5.159266591072082">
        <ele>705.0</ele>
      </trkpt>
      <trkpt lat="44.16347008681008" lon="5.159309506262332">
        <ele>705.0</ele>
      </trkpt>
      <trkpt lat="44.16367404097992" lon="5.159352421760557">
        <ele>706.0</ele>
      </trkpt>
      <trkpt lat="44.163849132576985" lon="5.159371197165826">
        <ele>706.0</ele>
      </trkpt>
      <trkpt lat="44.16402422418694" lon="5.159389972686767">
        <ele>707.0</ele>
      </trkpt>
      <trkpt lat="44.16417622606096" lon="5.159553586999136">
        <ele>708.0</ele>
      </trkpt>
      <trkpt lat="44.16432822770308" lon="5.159717202186584">
        <ele>709.0</ele>
      </trkpt>
      <trkpt lat="44.16441032141452" lon="5.159904956275279">
        <ele>710.0</ele>
      </trkpt>
      <trkpt lat="44.164492414808144" lon="5.16009271090632">
        <ele>711.0</ele>
      </trkpt>
      <trkpt lat="44.16457450788394" lon="5.16028046607971">
        <ele>712.0</ele>
      </trkpt>
      <trkpt lat="44.16463351269609" lon="5.160489677948509">
        <ele>713.0</ele>
      </trkpt>
      <trkpt lat="44.164692517111064" lon="5.160698890251672">
        <ele>714.0</ele>
      </trkpt>
      <trkpt lat="44.164751521128835" lon="5.160908102989196">
        <ele>716.0</ele>
      </trkpt>
      <trkpt lat="44.164784871750264" lon="5.161111950635114">
        <ele>717.0</ele>
      </trkpt>
      <trkpt lat="44.16481822199346" lon="5.161315798520246">
        <ele>718.0</ele>
      </trkpt>
      <trkpt lat="44.164851571858414" lon="5.161519646644591">
        <ele>720.0</ele>
      </trkpt>
      <trkpt lat="44.16490544556704" lon="5.161790549498328">
        <ele>721.0</ele>
      </trkpt>
      <trkpt lat="44.16495931860816" lon="5.162061452865599">
        <ele>723.0</ele>
      </trkpt>
      <trkpt lat="44.16509323245012" lon="5.1622867562995625">
        <ele>724.0</ele>
      </trkpt>
      <trkpt lat="44.16522714583873" lon="5.162512060795166">
        <ele>726.0</ele>
      </trkpt>
      <trkpt lat="44.16536105877401" lon="5.162737366352414">
        <ele>728.0</ele>
      </trkpt>
      <trkpt lat="44.16549497125593" lon="5.162962672971309">
        <ele>729.0</ele>
      </trkpt>
      <trkpt lat="44.16562888328451" lon="5.1631879806518555">
        <ele>731.0</ele>
      </trkpt>
      <trkpt lat="44.16570712746802" lon="5.163452624546039">
        <ele>733.0</ele>
      </trkpt>
      <trkpt lat="44.16578537101628" lon="5.163717269168842">
        <ele>734.0</ele>
      </trkpt>
      <trkpt lat="44.16586361392932" lon="5.163981914520263">
        <ele>736.0</ele>
      </trkpt>
      <trkpt lat="44.16589055081621" lon="5.164250135167525">
        <ele>737.0</ele>
      </trkpt>
      <trkpt lat="44.16591748704767" lon="5.164518356069016">
        <ele>738.0</ele>
      </trkpt>
      <trkpt lat="44.165944422623696" lon="5.16478657722473">
        <ele>739.0</ele>
      </trkpt>
      <trkpt lat="44.16597039764739" lon="5.165034681218466">
        <ele>740.0</ele>
      </trkpt>
      <trkpt lat="44.1659963721103" lon="5.165282785438965">
        <ele>741.0</ele>
      </trkpt>
      <trkpt lat="44.16602234601244" lon="5.1655308898862256">
        <ele>743.0</ele>
      </trkpt>
      <trkpt lat="44.1660483193538" lon="5.165778994560242">
        <ele>744.0</ele>
      </trkpt>
      <trkpt lat="44.166089686381326" lon="5.166025757250833">
        <ele>745.0</ele>
      </trkpt>
      <trkpt lat="44.166131052854674" lon="5.1662725203006135">
        <ele>746.0</ele>
      </trkpt>
      <trkpt lat="44.16617241877383" lon="5.166519283709577">
        <ele>747.0</ele>
      </trkpt>
      <trkpt lat="44.1662137841388" lon="5.166766047477722">
        <ele>748.0</ele>
      </trkpt>
      <trkpt lat="44.166284972537625" lon="5.166999399369748">
        <ele>749.0</ele>
      </trkpt>
      <trkpt lat="44.16635616044274" lon="5.167232751846312">
        <ele>750.0</ele>
      </trkpt>
      <trkpt lat="44.166456208589175" lon="5.167455374802678">
        <ele>751.0</ele>
      </trkpt>
      <trkpt lat="44.16655625628904" lon="5.167677998542786">
        <ele>752.0</ele>
      </trkpt>
      <trkpt lat="44.16666496236439" lon="5.167912690484989">
        <ele>753.0</ele>
      </trkpt>
      <trkpt lat="44.166773667943815" lon="5.168147383324922">
        <ele>754.0</ele>
      </trkpt>
      <trkpt lat="44.16688237302734" lon="5.168382077062593">
        <ele>755.0</ele>
      </trkpt>
      <trkpt lat="44.16699107761495" lon="5.168616771697998">
        <ele>756.0</ele>
      </trkpt>
      <trkpt lat="44.167056493294304" lon="5.168834924195719">
        <ele>757.0</ele>
      </trkpt>
      <trkpt lat="44.167121908542086" lon="5.1690530771955965">
        <ele>758.0</ele>
      </trkpt>
      <trkpt lat="44.16718732335828" lon="5.16927123069763">
        <ele>759.0</ele>
      </trkpt>
      <trkpt lat="44.16722772695448" lon="5.169456302988097">
        <ele>759.0</ele>
      </trkpt>
      <trkpt lat="44.167268130239286" lon="5.169641375541686">
        <ele>760.0</ele>
      </trkpt>
      <trkpt lat="44.16726681532062" lon="5.169851387775702">
        <ele>760.0</ele>
      </trkpt>
      <trkpt lat="44.16726549999989" lon="5.170061399999999">
        <ele>760.0</ele>
      </trkpt>
      <trkpt lat="44.167285139314956" lon="5.170070271814317">
        <ele>761.0</ele>
      </trkpt>
      <trkpt lat="44.16728699694207" lon="5.170071678749498">
        <ele>761.0</ele>
      </trkpt>
      <trkpt lat="44.167302808373904" lon="5.170082955519988">
        <ele>761.0</ele>
      </trkpt>
      <trkpt lat="44.167316468768924" lon="5.170104650448132">
        <ele>761.0</ele>
      </trkpt>
      <trkpt lat="44.16732683978918" lon="5.17014460092089">
        <ele>761.0</ele>
      </trkpt>
      <trkpt lat="44.16732654810484" lon="5.170194561917042">
        <ele>761.0</ele>
      </trkpt>
      <trkpt lat="44.1673267819147" lon="5.1702616481960115">
        <ele>761.0</ele>
      </trkpt>
      <trkpt lat="44.16732241487993" lon="5.170361388144722">
        <ele>761.0</ele>
      </trkpt>
      <trkpt lat="44.16731889805955" lon="5.170465115996679">
        <ele>761.0</ele>
      </trkpt>
      <trkpt lat="44.16731648812928" lon="5.170562318741551">
        <ele>760.0</ele>
      </trkpt>
      <trkpt lat="44.1673120579225" lon="5.170664690703862">
        <ele>760.0</ele>
      </trkpt>
      <trkpt lat="44.16731118057607" lon="5.170776437747839">
        <ele>760.0</ele>
      </trkpt>
      <trkpt lat="44.167308707614644" lon="5.170876265020781">
        <ele>760.0</ele>
      </trkpt>
      <trkpt lat="44.16730714745804" lon="5.170977463156106">
        <ele>759.0</ele>
      </trkpt>
      <trkpt lat="44.16732453116419" lon="5.171078244249913">
        <ele>759.0</ele>
      </trkpt>
      <trkpt lat="44.16733933378884" lon="5.171206517305665">
        <ele>758.0</ele>
      </trkpt>
      <trkpt lat="44.16735824997327" lon="5.171321842872619">
        <ele>758.0</ele>
      </trkpt>
      <trkpt lat="44.167362928956926" lon="5.171355057563304">
        <ele>757.0</ele>
      </trkpt>
      <trkpt lat="44.16737354497017" lon="5.171430417717078">
        <ele>756.0</ele>
      </trkpt>
      <trkpt lat="44.167389458370764" lon="5.171514030149638">
        <ele>756.0</ele>
      </trkpt>
      <trkpt lat="44.16740879335163" lon="5.171612281704775">
        <ele>755.0</ele>
      </trkpt>
      <trkpt lat="44.16743311973855" lon="5.171738382218544">
        <ele>755.0</ele>
      </trkpt>
      <trkpt lat="44.167464162795575" lon="5.171860859175058">
        <ele>754.0</ele>
      </trkpt>
      <trkpt lat="44.16750280417599" lon="5.171982388284881">
        <ele>753.0</ele>
      </trkpt>
      <trkpt lat="44.16754946413579" lon="5.172124031396052">
        <ele>753.0</ele>
      </trkpt>
      <trkpt lat="44.16759823851111" lon="5.172256561195776">
        <ele>752.0</ele>
      </trkpt>
      <trkpt lat="44.16763831241664" lon="5.172396571953526">
        <ele>752.0</ele>
      </trkpt>
      <trkpt lat="44.16767505957585" lon="5.172556150493615">
        <ele>752.0</ele>
      </trkpt>
      <trkpt lat="44.167724788651526" lon="5.1726887324927135">
        <ele>751.0</ele>
      </trkpt>
      <trkpt lat="44.167771248501396" lon="5.172838250045102">
        <ele>751.0</ele>
      </trkpt>
      <trkpt lat="44.16780760633881" lon="5.1729754550529154">
        <ele>750.0</ele>
      </trkpt>
      <trkpt lat="44.167858143067605" lon="5.173113330099878">
        <ele>750.0</ele>
      </trkpt>
      <trkpt lat="44.167899816012785" lon="5.1732271184754355">
        <ele>750.0</ele>
      </trkpt>
      <trkpt lat="44.16793955764392" lon="5.173342124127537">
        <ele>749.0</ele>
      </trkpt>
      <trkpt lat="44.16794575535205" lon="5.173359519136045">
        <ele>749.0</ele>
      </trkpt>
      <trkpt lat="44.167995152450324" lon="5.173467095911453">
        <ele>749.0</ele>
      </trkpt>
      <trkpt lat="44.168062218105135" lon="5.173587357838424">
        <ele>750.0</ele>
      </trkpt>
      <trkpt lat="44.16811709364152" lon="5.173703085637895">
        <ele>750.0</ele>
      </trkpt>
      <trkpt lat="44.168165934199564" lon="5.1738330012320235">
        <ele>750.0</ele>
      </trkpt>
      <trkpt lat="44.16820499303937" lon="5.173937451245257">
        <ele>750.0</ele>
      </trkpt>
      <trkpt lat="44.168255665030095" lon="5.174070079335364">
        <ele>750.0</ele>
      </trkpt>
      <trkpt lat="44.168319697020095" lon="5.17419808495948">
        <ele>750.0</ele>
      </trkpt>
      <trkpt lat="44.168398794755454" lon="5.174329444503003">
        <ele>750.0</ele>
      </trkpt>
      <trkpt lat="44.16846961159081" lon="5.174451202921281">
        <ele>750.0</ele>
      </trkpt>
      <trkpt lat="44.16854336171699" lon="5.174607300125862">
        <ele>750.0</ele>
      </trkpt>
      <trkpt lat="44.168614634821964" lon="5.1747106650460895">
        <ele>750.0</ele>
      </trkpt>
      <trkpt lat="44.1686738121248" lon="5.174843702923188">
        <ele>749.0</ele>
      </trkpt>
      <trkpt lat="44.168733865586745" lon="5.174979409148137">
        <ele>749.0</ele>
      </trkpt>
      <trkpt lat="44.168795519322934" lon="5.175127036064569">
        <ele>748.0</ele>
      </trkpt>
      <trkpt lat="44.168848141892354" lon="5.17525712930554">
        <ele>748.0</ele>
      </trkpt>
      <trkpt lat="44.168903865817" lon="5.175376848420734">
        <ele>747.0</ele>
      </trkpt>
      <trkpt lat="44.16894840158138" lon="5.175489459248204">
        <ele>747.0</ele>
      </trkpt>
      <trkpt lat="44.16897066657803" lon="5.175583901634279">
        <ele>746.0</ele>
      </trkpt>
      <trkpt lat="44.16900147995993" lon="5.175677440463147">
        <ele>746.0</ele>
      </trkpt>
      <trkpt lat="44.16905485250899" lon="5.175777322477276">
        <ele>745.0</ele>
      </trkpt>
      <trkpt lat="44.16911021382022" lon="5.175873355291443">
        <ele>745.0</ele>
      </trkpt>
      <trkpt lat="44.16917046049213" lon="5.175963045305079">
        <ele>744.0</ele>
      </trkpt>
      <trkpt lat="44.169221812487706" lon="5.176068089591533">
        <ele>744.0</ele>
      </trkpt>
      <trkpt lat="44.1693187062462" lon="5.176321310036758">
        <ele>743.0</ele>
      </trkpt>
      <trkpt lat="44.16941942058499" lon="5.176535249380486">
        <ele>742.0</ele>
      </trkpt>
      <trkpt lat="44.16950598165783" lon="5.176747198660455">
        <ele>741.0</ele>
      </trkpt>
      <trkpt lat="44.1695577829487" lon="5.1769101394338755">
        <ele>741.0</ele>
      </trkpt>
      <trkpt lat="44.16959785095593" lon="5.1770501582998945">
        <ele>740.0</ele>
      </trkpt>
      <trkpt lat="44.16964864518171" lon="5.177177535604144">
        <ele>740.0</ele>
      </trkpt>
      <trkpt lat="44.169691814541444" lon="5.177307180477358">
        <ele>739.0</ele>
      </trkpt>
      <trkpt lat="44.16972235753423" lon="5.177449371955909">
        <ele>739.0</ele>
      </trkpt>
      <trkpt lat="44.16974107303431" lon="5.177572578207116">
        <ele>738.0</ele>
      </trkpt>
      <trkpt lat="44.16975782539194" lon="5.177698328870543">
        <ele>738.0</ele>
      </trkpt>
      <trkpt lat="44.169774320371204" lon="5.177834585543977">
        <ele>737.0</ele>
      </trkpt>
      <trkpt lat="44.16979084664394" lon="5.177969529965882">
        <ele>737.0</ele>
      </trkpt>
      <trkpt lat="44.169791628353494" lon="5.177976142624626">
        <ele>737.0</ele>
      </trkpt>
      <trkpt lat="44.16980512655862" lon="5.178118829763244">
        <ele>737.0</ele>
      </trkpt>
      <trkpt lat="44.16982367288363" lon="5.178248612657008">
        <ele>736.0</ele>
      </trkpt>
      <trkpt lat="44.16982530459923" lon="5.1782592135344405">
        <ele>736.0</ele>
      </trkpt>
      <trkpt lat="44.169837883936" lon="5.178400544566919">
        <ele>736.0</ele>
      </trkpt>
      <trkpt lat="44.16985555266428" lon="5.178565789552182">
        <ele>736.0</ele>
      </trkpt>
      <trkpt lat="44.1698697264077" lon="5.178719033751654">
        <ele>736.0</ele>
      </trkpt>
      <trkpt lat="44.16988736303403" lon="5.178885598761079">
        <ele>735.0</ele>
      </trkpt>
      <trkpt lat="44.16990985355544" lon="5.179047133401512">
        <ele>735.0</ele>
      </trkpt>
      <trkpt lat="44.169928235999684" lon="5.179183478295934">
        <ele>735.0</ele>
      </trkpt>
      <trkpt lat="44.16993341543194" lon="5.179317875743317">
        <ele>735.0</ele>
      </trkpt>
      <trkpt lat="44.16994482292577" lon="5.179468357168448">
        <ele>734.0</ele>
      </trkpt>
      <trkpt lat="44.16995374850608" lon="5.17960425697305">
        <ele>734.0</ele>
      </trkpt>
      <trkpt lat="44.169964079703774" lon="5.179759943894882">
        <ele>734.0</ele>
      </trkpt>
      <trkpt lat="44.16998222976808" lon="5.17990549007401">
        <ele>733.0</ele>
      </trkpt>
      <trkpt lat="44.169998853504666" lon="5.180036491295742">
        <ele>733.0</ele>
      </trkpt>
      <trkpt lat="44.17000139812938" lon="5.180048448338456">
        <ele>733.0</ele>
      </trkpt>
      <trkpt lat="44.17002177007523" lon="5.18014280676305">
        <ele>733.0</ele>
      </trkpt>
      <trkpt lat="44.17002418318597" lon="5.180160020447655">
        <ele>734.0</ele>
      </trkpt>
      <trkpt lat="44.1700140844186" lon="5.180318676724815">
        <ele>734.0</ele>
      </trkpt>
      <trkpt lat="44.17000398542184" lon="5.180477332945589">
        <ele>736.0</ele>
      </trkpt>
      <trkpt lat="44.16997080994493" lon="5.180783503713331">
        <ele>738.0</ele>
      </trkpt>
      <trkpt lat="44.16994753483601" lon="5.181015178565437">
        <ele>740.0</ele>
      </trkpt>
      <trkpt lat="44.169924259238115" lon="5.181246853227784">
        <ele>742.0</ele>
      </trkpt>
      <trkpt lat="44.1698959992295" lon="5.181412527967106">
        <ele>745.0</ele>
      </trkpt>
      <trkpt lat="44.16986773897111" lon="5.18157820254167">
        <ele>747.0</ele>
      </trkpt>
      <trkpt lat="44.16986761294807" lon="5.181583451863258">
        <ele>750.0</ele>
      </trkpt>
      <trkpt lat="44.16984526964615" lon="5.181739546965568">
        <ele>753.0</ele>
      </trkpt>
      <trkpt lat="44.16982292612241" lon="5.181895641945148">
        <ele>756.0</ele>
      </trkpt>
      <trkpt lat="44.16980504607764" lon="5.182081545409983">
        <ele>760.0</ele>
      </trkpt>
      <trkpt lat="44.16978716571803" lon="5.182267448757847">
        <ele>765.0</ele>
      </trkpt>
      <trkpt lat="44.16975170819275" lon="5.182532074592628">
        <ele>770.0</ele>
      </trkpt>
      <trkpt lat="44.16971625002979" lon="5.182796700097218">
        <ele>775.0</ele>
      </trkpt>
      <trkpt lat="44.169703975265776" lon="5.1830236393133955">
        <ele>780.0</ele>
      </trkpt>
      <trkpt lat="44.16969170003238" lon="5.183250578431543">
        <ele>784.0</ele>
      </trkpt>
      <trkpt lat="44.169680961327465" lon="5.183415780248092">
        <ele>788.0</ele>
      </trkpt>
      <trkpt lat="44.169670222373824" lon="5.18358098200221">
        <ele>791.0</ele>
      </trkpt>
      <trkpt lat="44.16966357584277" lon="5.183752953703315">
        <ele>795.0</ele>
      </trkpt>
      <trkpt lat="44.169656929042155" lon="5.183924925364197">
        <ele>798.0</ele>
      </trkpt>
      <trkpt lat="44.16966325565476" lon="5.184108042829529">
        <ele>802.0</ele>
      </trkpt>
      <trkpt lat="44.169669581961735" lon="5.18429116033563">
        <ele>806.0</ele>
      </trkpt>
      <trkpt lat="44.16965906031123" lon="5.18459972217302">
        <ele>810.0</ele>
      </trkpt>
      <trkpt lat="44.169645835134155" lon="5.184788483025503">
        <ele>814.0</ele>
      </trkpt>
      <trkpt lat="44.16963261696099" lon="5.184958164020771">
        <ele>818.0</ele>
      </trkpt>
      <trkpt lat="44.16961939852546" lon="5.185127844937111">
        <ele>821.0</ele>
      </trkpt>
      <trkpt lat="44.16962222151138" lon="5.185299613897255">
        <ele>825.0</ele>
      </trkpt>
      <trkpt lat="44.16962504422835" lon="5.185471382874464">
        <ele>827.0</ele>
      </trkpt>
      <trkpt lat="44.16961445059872" lon="5.185782576188464">
        <ele>829.0</ele>
      </trkpt>
      <trkpt lat="44.169621902295916" lon="5.185939447634468">
        <ele>831.0</ele>
      </trkpt>
      <trkpt lat="44.169629353768805" lon="5.186096319121604">
        <ele>832.0</ele>
      </trkpt>
      <trkpt lat="44.16963623469031" lon="5.186389937918658">
        <ele>834.0</ele>
      </trkpt>
      <trkpt lat="44.16965625425273" lon="5.186688138168695">
        <ele>835.0</ele>
      </trkpt>
      <trkpt lat="44.169666004108194" lon="5.186980584147389">
        <ele>837.0</ele>
      </trkpt>
      <trkpt lat="44.1696546241685" lon="5.187152328406189">
        <ele>840.0</ele>
      </trkpt>
      <trkpt lat="44.16964324396002" lon="5.187324072596213">
        <ele>842.0</ele>
      </trkpt>
      <trkpt lat="44.16965397048215" lon="5.1874824140457365">
        <ele>844.0</ele>
      </trkpt>
      <trkpt lat="44.16966469677582" lon="5.187640755555029">
        <ele>846.0</ele>
      </trkpt>
      <trkpt lat="44.16967020733791" lon="5.18795140561846">
        <ele>848.0</ele>
      </trkpt>
      <trkpt lat="44.16970725418588" lon="5.188136007105915">
        <ele>849.0</ele>
      </trkpt>
      <trkpt lat="44.169740295283226" lon="5.188291474121637">
        <ele>849.0</ele>
      </trkpt>
      <trkpt lat="44.16976685546487" lon="5.188403232272939">
        <ele>850.0</ele>
      </trkpt>
      <trkpt lat="44.169807013919126" lon="5.188501170417108">
        <ele>850.0</ele>
      </trkpt>
      <trkpt lat="44.16985293954888" lon="5.188595450263293">
        <ele>851.0</ele>
      </trkpt>
      <trkpt lat="44.16986378950664" lon="5.188653844227892">
        <ele>853.0</ele>
      </trkpt>
      <trkpt lat="44.16990592741459" lon="5.188824216498555">
        <ele>855.0</ele>
      </trkpt>
      <trkpt lat="44.16989885875142" lon="5.189031679329258">
        <ele>858.0</ele>
      </trkpt>
      <trkpt lat="44.16988174308358" lon="5.189300476569264">
        <ele>861.0</ele>
      </trkpt>
      <trkpt lat="44.169836986417025" lon="5.189500857539128">
        <ele>864.0</ele>
      </trkpt>
      <trkpt lat="44.169818201994914" lon="5.189760365255102">
        <ele>868.0</ele>
      </trkpt>
      <trkpt lat="44.169802324514684" lon="5.190017387805061">
        <ele>871.0</ele>
      </trkpt>
      <trkpt lat="44.16967646088509" lon="5.189864024105217">
        <ele>874.0</ele>
      </trkpt>
      <trkpt lat="44.16963108046115" lon="5.190089367160114">
        <ele>877.0</ele>
      </trkpt>
      <trkpt lat="44.16960893614399" lon="5.190255989721011">
        <ele>879.0</ele>
      </trkpt>
      <trkpt lat="44.169586791574034" lon="5.190422612152067">
        <ele>881.0</ele>
      </trkpt>
      <trkpt lat="44.16952458193754" lon="5.190677396854737">
        <ele>883.0</ele>
      </trkpt>
      <trkpt lat="44.169362799999895" lon="5.190864199999999">
        <ele>885.0</ele>
      </trkpt>
      <trkpt lat="44.16933828782567" lon="5.191034674644469">
        <ele>886.0</ele>
      </trkpt>
      <trkpt lat="44.169276722849084" lon="5.191194534563692">
        <ele>888.0</ele>
      </trkpt>
      <trkpt lat="44.169155516530566" lon="5.191294312820864">
        <ele>889.0</ele>
      </trkpt>
      <trkpt lat="44.169034310128986" lon="5.191394090652465">
        <ele>889.0</ele>
      </trkpt>
      <trkpt lat="44.16890155975041" lon="5.191461146034459">
        <ele>890.0</ele>
      </trkpt>
      <trkpt lat="44.16876880934005" lon="5.19152820110321">
        <ele>891.0</ele>
      </trkpt>
      <trkpt lat="44.16862836263702" lon="5.191597938709925">
        <ele>891.0</ele>
      </trkpt>
      <trkpt lat="44.1684879159" lon="5.191667675971984">
        <ele>892.0</ele>
      </trkpt>
      <trkpt lat="44.168353240334014" lon="5.191697180341058">
        <ele>893.0</ele>
      </trkpt>
      <trkpt lat="44.168218564769575" lon="5.1917266845703125">
        <ele>894.0</ele>
      </trkpt>
      <trkpt lat="44.16805182250542" lon="5.191766023866684">
        <ele>895.0</ele>
      </trkpt>
      <trkpt lat="44.1678850802417" lon="5.191805362932234">
        <ele>896.0</ele>
      </trkpt>
      <trkpt lat="44.16771833797845" lon="5.191844701766966">
        <ele>897.0</ele>
      </trkpt>
      <trkpt lat="44.16751055021811" lon="5.191909074783325">
        <ele>898.0</ele>
      </trkpt>
      <trkpt lat="44.16734508907069" lon="5.191973447799683">
        <ele>899.0</ele>
      </trkpt>
      <trkpt lat="44.16723927061164" lon="5.1920861007880434">
        <ele>900.0</ele>
      </trkpt>
      <trkpt lat="44.16713345204277" lon="5.192198753356933">
        <ele>901.0</ele>
      </trkpt>
      <trkpt lat="44.16702955722393" lon="5.1924390795466016">
        <ele>902.0</ele>
      </trkpt>
      <trkpt lat="44.16692053198992" lon="5.192695141995604">
        <ele>904.0</ele>
      </trkpt>
      <trkpt lat="44.16681150616444" lon="5.192951203462248">
        <ele>905.0</ele>
      </trkpt>
      <trkpt lat="44.1667024797475" lon="5.193207263946532">
        <ele>906.0</ele>
      </trkpt>
      <trkpt lat="44.16670229681754" lon="5.193207787902222">
        <ele>906.0</ele>
      </trkpt>
      <trkpt lat="44.166631933672576" lon="5.193409324193911">
        <ele>907.0</ele>
      </trkpt>
      <trkpt lat="44.16656138722806" lon="5.193611383939702">
        <ele>908.0</ele>
      </trkpt>
      <trkpt lat="44.166490840413964" lon="5.193813443183898">
        <ele>909.0</ele>
      </trkpt>
      <trkpt lat="44.166460056447654" lon="5.194069862627655">
        <ele>910.0</ele>
      </trkpt>
      <trkpt lat="44.166490840413964" lon="5.194323062896728">
        <ele>911.0</ele>
      </trkpt>
      <trkpt lat="44.16657934422765" lon="5.194510817527769">
        <ele>912.0</ele>
      </trkpt>
      <trkpt lat="44.16674288336903" lon="5.1946336624781555">
        <ele>913.0</ele>
      </trkpt>
      <trkpt lat="44.166906422386845" lon="5.194756508135469">
        <ele>914.0</ele>
      </trkpt>
      <trkpt lat="44.16708709202943" lon="5.1948385358270155">
        <ele>915.0</ele>
      </trkpt>
      <trkpt lat="44.167267761627826" lon="5.19492056404005">
        <ele>916.0</ele>
      </trkpt>
      <trkpt lat="44.16744843118195" lon="5.195002592774579">
        <ele>917.0</ele>
      </trkpt>
      <trkpt lat="44.16762910069185" lon="5.195084622030609">
        <ele>917.0</ele>
      </trkpt>
      <trkpt lat="44.16780977015749" lon="5.195166651808139">
        <ele>918.0</ele>
      </trkpt>
      <trkpt lat="44.1679904395789" lon="5.195248682107181">
        <ele>919.0</ele>
      </trkpt>
      <trkpt lat="44.168133819180895" lon="5.1953068893117695">
        <ele>920.0</ele>
      </trkpt>
      <trkpt lat="44.16834732625895" lon="5.195400051108156">
        <ele>921.0</ele>
      </trkpt>
      <trkpt lat="44.168460942745334" lon="5.1954370986255185">
        <ele>922.0</ele>
      </trkpt>
      <trkpt lat="44.168574559225966" lon="5.195474146291">
        <ele>923.0</ele>
      </trkpt>
      <trkpt lat="44.16876198909564" lon="5.195550261845642">
        <ele>923.0</ele>
      </trkpt>
      <trkpt lat="44.16893787269603" lon="5.195633715314058">
        <ele>924.0</ele>
      </trkpt>
      <trkpt lat="44.16912610210194" lon="5.195753276805201">
        <ele>925.0</ele>
      </trkpt>
      <trkpt lat="44.16927299872036" lon="5.195860320660759">
        <ele>925.0</ele>
      </trkpt>
      <trkpt lat="44.16943729695774" lon="5.1959905628845595">
        <ele>926.0</ele>
      </trkpt>
      <trkpt lat="44.16956563341229" lon="5.196120384192712">
        <ele>926.0</ele>
      </trkpt>
      <trkpt lat="44.16957293587369" lon="5.196131264827293">
        <ele>927.0</ele>
      </trkpt>
      <trkpt lat="44.1695793574317" lon="5.196139461818993">
        <ele>927.0</ele>
      </trkpt>
      <trkpt lat="44.16966982064354" lon="5.196383197673976">
        <ele>928.0</ele>
      </trkpt>
      <trkpt lat="44.16976028331814" lon="5.196626934304863">
        <ele>929.0</ele>
      </trkpt>
      <trkpt lat="44.16971344801288" lon="5.196812152862549">
        <ele>931.0</ele>
      </trkpt>
      <trkpt lat="44.169596571750944" lon="5.197033168314362">
        <ele>932.0</ele>
      </trkpt>
      <trkpt lat="44.169479695050946" lon="5.197254182857174">
        <ele>934.0</ele>
      </trkpt>
      <trkpt lat="44.16936281791281" lon="5.197475196490983">
        <ele>935.0</ele>
      </trkpt>
      <trkpt lat="44.16924594033655" lon="5.197696209215791">
        <ele>937.0</ele>
      </trkpt>
      <trkpt lat="44.169109984072435" lon="5.197891474878959">
        <ele>939.0</ele>
      </trkpt>
      <trkpt lat="44.16897402747043" lon="5.19808673960793">
        <ele>940.0</ele>
      </trkpt>
      <trkpt lat="44.168838070530555" lon="5.198282003402711">
        <ele>942.0</ele>
      </trkpt>
      <trkpt lat="44.168761113836226" lon="5.19846117547194">
        <ele>943.0</ele>
      </trkpt>
      <trkpt lat="44.16868415685237" lon="5.198640347055962">
        <ele>945.0</ele>
      </trkpt>
      <trkpt lat="44.16860719957898" lon="5.198819518154777">
        <ele>946.0</ele>
      </trkpt>
      <trkpt lat="44.168635417650314" lon="5.199048042114103">
        <ele>948.0</ele>
      </trkpt>
      <trkpt lat="44.16866363524603" lon="5.199276566300345">
        <ele>950.0</ele>
      </trkpt>
      <trkpt lat="44.16869185236613" lon="5.199505090713499">
        <ele>953.0</ele>
      </trkpt>
      <trkpt lat="44.168775222892776" lon="5.199761151538065">
        <ele>955.0</ele>
      </trkpt>
      <trkpt lat="44.16885859282539" lon="5.200017213113851">
        <ele>958.0</ele>
      </trkpt>
      <trkpt lat="44.16894196216397" lon="5.200273275440849">
        <ele>960.0</ele>
      </trkpt>
      <trkpt lat="44.16911319030909" lon="5.200466392744485">
        <ele>963.0</ele>
      </trkpt>
      <trkpt lat="44.169284418129635" lon="5.20065951121174">
        <ele>965.0</ele>
      </trkpt>
      <trkpt lat="44.16945564562555" lon="5.200852630842619">
        <ele>966.0</ele>
      </trkpt>
      <trkpt lat="44.16962687279684" lon="5.201045751637137">
        <ele>968.0</ele>
      </trkpt>
      <trkpt lat="44.16983657597189" lon="5.201144992272164">
        <ele>969.0</ele>
      </trkpt>
      <trkpt lat="44.17004627908018" lon="5.201244233639538">
        <ele>970.0</ele>
      </trkpt>
      <trkpt lat="44.170255982121695" lon="5.20134347573926">
        <ele>971.0</ele>
      </trkpt>
      <trkpt lat="44.17046568509642" lon="5.201442718571342">
        <ele>972.0</ele>
      </trkpt>
      <trkpt lat="44.17062344194071" lon="5.2016036506655245">
        <ele>973.0</ele>
      </trkpt>
      <trkpt lat="44.170781198561926" lon="5.201764583653128">
        <ele>974.0</ele>
      </trkpt>
      <trkpt lat="44.17090999999991" lon="5.2019776">
        <ele>975.0</ele>
      </trkpt>
      <trkpt lat="44.170937081667766" lon="5.202238012601775">
        <ele>976.0</ele>
      </trkpt>
      <trkpt lat="44.17096416271785" lon="5.202498425451725">
        <ele>977.0</ele>
      </trkpt>
      <trkpt lat="44.170973276185535" lon="5.202789534244891">
        <ele>980.0</ele>
      </trkpt>
      <trkpt lat="44.17098238888083" lon="5.203080643131413">
        <ele>982.0</ele>
      </trkpt>
      <trkpt lat="44.17099150080369" lon="5.203371752111286">
        <ele>986.0</ele>
      </trkpt>
      <trkpt lat="44.171015116389114" lon="5.203675838905282">
        <ele>990.0</ele>
      </trkpt>
      <trkpt lat="44.171038731131965" lon="5.203979925951985">
        <ele>995.0</ele>
      </trkpt>
      <trkpt lat="44.17106234503224" lon="5.204284013251384">
        <ele>999.0</ele>
      </trkpt>
      <trkpt lat="44.171109828029" lon="5.204523386159238">
        <ele>1003.0</ele>
      </trkpt>
      <trkpt lat="44.171157310504654" lon="5.204762759467072">
        <ele>1007.0</ele>
      </trkpt>
      <trkpt lat="44.17120479245918" lon="5.205002133174882">
        <ele>1009.0</ele>
      </trkpt>
      <trkpt lat="44.17125227389262" lon="5.205241507282669">
        <ele>1012.0</ele>
      </trkpt>
      <trkpt lat="44.17133951905055" lon="5.205499573839636">
        <ele>1014.0</ele>
      </trkpt>
      <trkpt lat="44.17142676360544" lon="5.205757641188927">
        <ele>1016.0</ele>
      </trkpt>
      <trkpt lat="44.17151400755724" lon="5.206015709330537">
        <ele>1018.0</ele>
      </trkpt>
      <trkpt lat="44.171588786350995" lon="5.206229773104017">
        <ele>1020.0</ele>
      </trkpt>
      <trkpt lat="44.17166356473" lon="5.206443837440814">
        <ele>1022.0</ele>
      </trkpt>
      <trkpt lat="44.17173834269422" lon="5.206657902340929">
        <ele>1023.0</ele>
      </trkpt>
      <trkpt lat="44.171795779004604" lon="5.20685885136378">
        <ele>1025.0</ele>
      </trkpt>
      <trkpt lat="44.17185321494867" lon="5.207059800792799">
        <ele>1027.0</ele>
      </trkpt>
      <trkpt lat="44.171910650526364" lon="5.207260750627984">
        <ele>1028.0</ele>
      </trkpt>
      <trkpt lat="44.17194337339824" lon="5.207522103386307">
        <ele>1030.0</ele>
      </trkpt>
      <trkpt lat="44.171976095648084" lon="5.20778345644559">
        <ele>1032.0</ele>
      </trkpt>
      <trkpt lat="44.17203693413172" lon="5.208018549530224">
        <ele>1033.0</ele>
      </trkpt>
      <trkpt lat="44.17209777211352" lon="5.208253643118187">
        <ele>1034.0</ele>
      </trkpt>
      <trkpt lat="44.17209313621305" lon="5.208438871574204">
        <ele>1036.0</ele>
      </trkpt>
      <trkpt lat="44.17208849999989" lon="5.2086241">
        <ele>1037.0</ele>
      </trkpt>
      <trkpt lat="44.1721009500055" lon="5.20873403562291">
        <ele>1038.0</ele>
      </trkpt>
      <trkpt lat="44.17214231312008" lon="5.209025859293822">
        <ele>1039.0</ele>
      </trkpt>
      <trkpt lat="44.172183675459294" lon="5.209317683389518">
        <ele>1041.0</ele>
      </trkpt>
      <trkpt lat="44.17222503702317" lon="5.209609507909987">
        <ele>1043.0</ele>
      </trkpt>
      <trkpt lat="44.172266397811704" lon="5.209901332855224">
        <ele>1046.0</ele>
      </trkpt>
      <trkpt lat="44.1723269986952" lon="5.210175453772397">
        <ele>1048.0</ele>
      </trkpt>
      <trkpt lat="44.172387598895696" lon="5.210449575274167">
        <ele>1050.0</ele>
      </trkpt>
      <trkpt lat="44.17244819841321" lon="5.21072369736053">
        <ele>1053.0</ele>
      </trkpt>
      <trkpt lat="44.17250879724771" lon="5.210997820031479">
        <ele>1055.0</ele>
      </trkpt>
      <trkpt lat="44.1725216230322" lon="5.211219549209967">
        <ele>1057.0</ele>
      </trkpt>
      <trkpt lat="44.17253444836863" lon="5.211441278488531">
        <ele>1058.0</ele>
      </trkpt>
      <trkpt lat="44.172547273257045" lon="5.211663007867171">
        <ele>1060.0</ele>
      </trkpt>
      <trkpt lat="44.17257292432416" lon="5.211877584394666">
        <ele>1062.0</ele>
      </trkpt>
      <trkpt lat="44.172598574971964" lon="5.21209216111586">
        <ele>1063.0</ele>
      </trkpt>
      <trkpt lat="44.172624225200416" lon="5.212306738030747">
        <ele>1065.0</ele>
      </trkpt>
      <trkpt lat="44.17268732697661" lon="5.21258354077173">
        <ele>1067.0</ele>
      </trkpt>
      <trkpt lat="44.17275042805652" lon="5.212860344127395">
        <ele>1070.0</ele>
      </trkpt>
      <trkpt lat="44.17281352844011" lon="5.213137148097737">
        <ele>1072.0</ele>
      </trkpt>
      <trkpt lat="44.1728766281274" lon="5.213413952682751">
        <ele>1075.0</ele>
      </trkpt>
      <trkpt lat="44.17293972711839" lon="5.21369075788243">
        <ele>1077.0</ele>
      </trkpt>
      <trkpt lat="44.173023607036555" lon="5.213979359738846">
        <ele>1080.0</ele>
      </trkpt>
      <trkpt lat="44.17310748619921" lon="5.21426796244718">
        <ele>1082.0</ele>
      </trkpt>
      <trkpt lat="44.17319136460636" lon="5.2145565660074285">
        <ele>1085.0</ele>
      </trkpt>
      <trkpt lat="44.17327524225799" lon="5.214845170419588">
        <ele>1088.0</ele>
      </trkpt>
      <trkpt lat="44.17335911915411" lon="5.215133775683655">
        <ele>1090.0</ele>
      </trkpt>
      <trkpt lat="44.17344299529469" lon="5.215422381799623">
        <ele>1093.0</ele>
      </trkpt>
      <trkpt lat="44.17352687067975" lon="5.2157109887674915">
        <ele>1095.0</ele>
      </trkpt>
      <trkpt lat="44.17361074530928" lon="5.215999596587256">
        <ele>1098.0</ele>
      </trkpt>
      <trkpt lat="44.17369461918329" lon="5.216288205258912">
        <ele>1100.0</ele>
      </trkpt>
      <trkpt lat="44.17377849230176" lon="5.216576814782455">
        <ele>1102.0</ele>
      </trkpt>
      <trkpt lat="44.17380734879209" lon="5.2167318463520544">
        <ele>1104.0</ele>
      </trkpt>
      <trkpt lat="44.17383620506377" lon="5.216886878079094">
        <ele>1105.0</ele>
      </trkpt>
      <trkpt lat="44.173847747609386" lon="5.217096090382254">
        <ele>1107.0</ele>
      </trkpt>
      <trkpt lat="44.17384390009444" lon="5.217213034629822">
        <ele>1108.0</ele>
      </trkpt>
      <trkpt lat="44.17380542493104" lon="5.217348218029656">
        <ele>1109.0</ele>
      </trkpt>
      <trkpt lat="44.17368942201418" lon="5.217565885311715">
        <ele>1110.0</ele>
      </trkpt>
      <trkpt lat="44.17357341867251" lon="5.217783551705169">
        <ele>1111.0</ele>
      </trkpt>
      <trkpt lat="44.17348138187013" lon="5.21794217491199">
        <ele>1112.0</ele>
      </trkpt>
      <trkpt lat="44.17339225319139" lon="5.218098306389828">
        <ele>1114.0</ele>
      </trkpt>
      <trkpt lat="44.17337133581957" lon="5.21813937606012">
        <ele>1115.0</ele>
      </trkpt>
      <trkpt lat="44.173309437429694" lon="5.218266581654353">
        <ele>1116.0</ele>
      </trkpt>
      <trkpt lat="44.17325889115409" lon="5.218469310121785">
        <ele>1117.0</ele>
      </trkpt>
      <trkpt lat="44.17323224576454" lon="5.218662680181561">
        <ele>1119.0</ele>
      </trkpt>
      <trkpt lat="44.1732147186324" lon="5.218794672847567">
        <ele>1120.0</ele>
      </trkpt>
      <trkpt lat="44.1732082835798" lon="5.2188246126193345">
        <ele>1122.0</ele>
      </trkpt>
      <trkpt lat="44.17318439046119" lon="5.21898392035919">
        <ele>1123.0</ele>
      </trkpt>
      <trkpt lat="44.17315759563195" lon="5.219220679068092">
        <ele>1125.0</ele>
      </trkpt>
      <trkpt lat="44.17314393822123" lon="5.2194620342943026">
        <ele>1127.0</ele>
      </trkpt>
      <trkpt lat="44.173127163646505" lon="5.219676927424034">
        <ele>1129.0</ele>
      </trkpt>
      <trkpt lat="44.17311455123028" lon="5.219914382381861">
        <ele>1130.0</ele>
      </trkpt>
      <trkpt lat="44.173103709628876" lon="5.220119043113173">
        <ele>1132.0</ele>
      </trkpt>
      <trkpt lat="44.17311203071732" lon="5.220352256621839">
        <ele>1133.0</ele>
      </trkpt>
      <trkpt lat="44.173163474038255" lon="5.22052706620748">
        <ele>1135.0</ele>
      </trkpt>
      <trkpt lat="44.17324864275984" lon="5.220678527967187">
        <ele>1137.0</ele>
      </trkpt>
      <trkpt lat="44.173361592414466" lon="5.220816866272526">
        <ele>1138.0</ele>
      </trkpt>
      <trkpt lat="44.17344757184095" lon="5.220973630278094">
        <ele>1140.0</ele>
      </trkpt>
      <trkpt lat="44.17346527241097" lon="5.221134961796883">
        <ele>1142.0</ele>
      </trkpt>
      <trkpt lat="44.17345439161652" lon="5.221190985471801">
        <ele>1143.0</ele>
      </trkpt>
      <trkpt lat="44.17343482292173" lon="5.22129131824636">
        <ele>1144.0</ele>
      </trkpt>
      <trkpt lat="44.17342747476594" lon="5.221319893524808">
        <ele>1145.0</ele>
      </trkpt>
      <trkpt lat="44.17340528174373" lon="5.221532464092888">
        <ele>1147.0</ele>
      </trkpt>
      <trkpt lat="44.17327061756049" lon="5.221735239028931">
        <ele>1149.0</ele>
      </trkpt>
      <trkpt lat="44.173062849360235" lon="5.221735239028929">
        <ele>1151.0</ele>
      </trkpt>
      <trkpt lat="44.17287431801476" lon="5.221711635544038">
        <ele>1153.0</ele>
      </trkpt>
      <trkpt lat="44.17268578668281" lon="5.221688032215751">
        <ele>1155.0</ele>
      </trkpt>
      <trkpt lat="44.17254150168085" lon="5.221653163410032">
        <ele>1156.0</ele>
      </trkpt>
      <trkpt lat="44.1723972166787" lon="5.221618294781363">
        <ele>1158.0</ele>
      </trkpt>
      <trkpt lat="44.172243311709515" lon="5.221488206587287">
        <ele>1159.0</ele>
      </trkpt>
      <trkpt lat="44.17208940659845" lon="5.221358119097784">
        <ele>1160.0</ele>
      </trkpt>
      <trkpt lat="44.17193550134553" lon="5.221228032312849">
        <ele>1161.0</ele>
      </trkpt>
      <trkpt lat="44.171781595950726" lon="5.221097946232476">
        <ele>1162.0</ele>
      </trkpt>
      <trkpt lat="44.17166231870658" lon="5.220923065804934">
        <ele>1163.0</ele>
      </trkpt>
      <trkpt lat="44.1715430411911" lon="5.220748186111449">
        <ele>1165.0</ele>
      </trkpt>
      <trkpt lat="44.171412220429396" lon="5.220534682339348">
        <ele>1166.0</ele>
      </trkpt>
      <trkpt lat="44.171270667076236" lon="5.22058223743221">
        <ele>1168.0</ele>
      </trkpt>
      <trkpt lat="44.17128408318968" lon="5.220744667475596">
        <ele>1170.0</ele>
      </trkpt>
      <trkpt lat="44.17129749906273" lon="5.220907097595671">
        <ele>1171.0</ele>
      </trkpt>
      <trkpt lat="44.171352543605046" lon="5.221051822776883">
        <ele>1173.0</ele>
      </trkpt>
      <trkpt lat="44.17138999932996" lon="5.221143084203958">
        <ele>1174.0</ele>
      </trkpt>
      <trkpt lat="44.17142755631827" lon="5.2212304089295625">
        <ele>1175.0</ele>
      </trkpt>
      <trkpt lat="44.17143114234691" lon="5.2212384757263575">
        <ele>1176.0</ele>
      </trkpt>
      <trkpt lat="44.17152970644153" lon="5.221449406818633">
        <ele>1177.0</ele>
      </trkpt>
      <trkpt lat="44.171628270135685" lon="5.221660338642537">
        <ele>1179.0</ele>
      </trkpt>
      <trkpt lat="44.17172683342935" lon="5.2218712711980695">
        <ele>1180.0</ele>
      </trkpt>
      <trkpt lat="44.17182539632255" lon="5.222082204485233">
        <ele>1182.0</ele>
      </trkpt>
      <trkpt lat="44.17192395881528" lon="5.2222931385040265">
        <ele>1183.0</ele>
      </trkpt>
      <trkpt lat="44.172026564473356" lon="5.222567315909986">
        <ele>1185.0</ele>
      </trkpt>
      <trkpt lat="44.17212916945172" lon="5.222841494305949">
        <ele>1187.0</ele>
      </trkpt>
      <trkpt lat="44.17223177375039" lon="5.223115673691917">
        <ele>1190.0</ele>
      </trkpt>
      <trkpt lat="44.17233437736933" lon="5.223389854067886">
        <ele>1192.0</ele>
      </trkpt>
      <trkpt lat="44.172436980308575" lon="5.223664035433859">
        <ele>1195.0</ele>
      </trkpt>
      <trkpt lat="44.1725395825681" lon="5.2239382177898275">
        <ele>1197.0</ele>
      </trkpt>
      <trkpt lat="44.172642184147904" lon="5.224212401135799">
        <ele>1200.0</ele>
      </trkpt>
      <trkpt lat="44.17274478504798" lon="5.224486585471765">
        <ele>1203.0</ele>
      </trkpt>
      <trkpt lat="44.17284738526833" lon="5.224760770797729">
        <ele>1206.0</ele>
      </trkpt>
      <trkpt lat="44.17291356623888" lon="5.225030061760545">
        <ele>1209.0</ele>
      </trkpt>
      <trkpt lat="44.17297974655073" lon="5.225299353350546">
        <ele>1211.0</ele>
      </trkpt>
      <trkpt lat="44.17304592620389" lon="5.225568645567727">
        <ele>1214.0</ele>
      </trkpt>
      <trkpt lat="44.17311210519834" lon="5.225837938412083">
        <ele>1216.0</ele>
      </trkpt>
      <trkpt lat="44.17317828353408" lon="5.226107231883611">
        <ele>1219.0</ele>
      </trkpt>
      <trkpt lat="44.173244461211134" lon="5.226376525982307">
        <ele>1221.0</ele>
      </trkpt>
      <trkpt lat="44.173310638229445" lon="5.226645820708164">
        <ele>1224.0</ele>
      </trkpt>
      <trkpt lat="44.17337681458907" lon="5.226915116061184">
        <ele>1226.0</ele>
      </trkpt>
      <trkpt lat="44.17344299028996" lon="5.227184412041358">
        <ele>1228.0</ele>
      </trkpt>
      <trkpt lat="44.173509165332156" lon="5.227453708648682">
        <ele>1230.0</ele>
      </trkpt>
      <trkpt lat="44.17359688993053" lon="5.227698324600476">
        <ele>1233.0</ele>
      </trkpt>
      <trkpt lat="44.17368461398751" lon="5.227942941307453">
        <ele>1235.0</ele>
      </trkpt>
      <trkpt lat="44.173772337503145" lon="5.228187558769612">
        <ele>1238.0</ele>
      </trkpt>
      <trkpt lat="44.17386006047736" lon="5.228432176986952">
        <ele>1241.0</ele>
      </trkpt>
      <trkpt lat="44.1739477829102" lon="5.228676795959471">
        <ele>1243.0</ele>
      </trkpt>
      <trkpt lat="44.174053974407144" lon="5.228880642320993">
        <ele>1246.0</ele>
      </trkpt>
      <trkpt lat="44.1741601655312" lon="5.229084489444318">
        <ele>1248.0</ele>
      </trkpt>
      <trkpt lat="44.1742663562824" lon="5.22928833732945">
        <ele>1250.0</ele>
      </trkpt>
      <trkpt lat="44.17437254666075" lon="5.229492185976386">
        <ele>1252.0</ele>
      </trkpt>
      <trkpt lat="44.174478736666224" lon="5.22969603538513">
        <ele>1255.0</ele>
      </trkpt>
      <trkpt lat="44.174603779905496" lon="5.229950843559571">
        <ele>1257.0</ele>
      </trkpt>
      <trkpt lat="44.17472882256116" lon="5.230205652855326">
        <ele>1260.0</ele>
      </trkpt>
      <trkpt lat="44.174853864633164" lon="5.230460463272399">
        <ele>1263.0</ele>
      </trkpt>
      <trkpt lat="44.174978906121545" lon="5.230715274810791">
        <ele>1266.0</ele>
      </trkpt>
      <trkpt lat="44.17508855875734" lon="5.230983494159686">
        <ele>1269.0</ele>
      </trkpt>
      <trkpt lat="44.1751982107437" lon="5.231251714543645">
        <ele>1272.0</ele>
      </trkpt>
      <trkpt lat="44.17530786208062" lon="5.231519935962666">
        <ele>1275.0</ele>
      </trkpt>
      <trkpt lat="44.17541751276808" lon="5.231788158416747">
        <ele>1277.0</ele>
      </trkpt>
      <trkpt lat="44.17547291690317" lon="5.232077835860716">
        <ele>1280.0</ele>
      </trkpt>
      <trkpt lat="44.175528320275056" lon="5.23236751386951">
        <ele>1282.0</ele>
      </trkpt>
      <trkpt lat="44.17558372288371" lon="5.232657192443125">
        <ele>1285.0</ele>
      </trkpt>
      <trkpt lat="44.175639124729145" lon="5.232946871581554">
        <ele>1288.0</ele>
      </trkpt>
      <trkpt lat="44.17569452581135" lon="5.233236551284789">
        <ele>1291.0</ele>
      </trkpt>
      <trkpt lat="44.175686831812" lon="5.233477145563897">
        <ele>1294.0</ele>
      </trkpt>
      <trkpt lat="44.17567913728508" lon="5.233717739777854">
        <ele>1297.0</ele>
      </trkpt>
      <trkpt lat="44.17567144223063" lon="5.233958333926656">
        <ele>1299.0</ele>
      </trkpt>
      <trkpt lat="44.17566374664859" lon="5.2341989280103">
        <ele>1301.0</ele>
      </trkpt>
      <trkpt lat="44.17567528908123" lon="5.234431207198329">
        <ele>1303.0</ele>
      </trkpt>
      <trkpt lat="44.17568683102218" lon="5.234663486480712">
        <ele>1305.0</ele>
      </trkpt>
      <trkpt lat="44.17560988355925" lon="5.234917402955075">
        <ele>1307.0</ele>
      </trkpt>
      <trkpt lat="44.17553293551176" lon="5.235171318741818">
        <ele>1309.0</ele>
      </trkpt>
      <trkpt lat="44.175455986879705" lon="5.2354252338409415">
        <ele>1312.0</ele>
      </trkpt>
      <trkpt lat="44.17546752933847" lon="5.23565053935243">
        <ele>1314.0</ele>
      </trkpt>
      <trkpt lat="44.17547907133461" lon="5.2358758449554434">
        <ele>1317.0</ele>
      </trkpt>
      <trkpt lat="44.1756197765556" lon="5.236085820484676">
        <ele>1319.0</ele>
      </trkpt>
      <trkpt lat="44.17576048138507" lon="5.23629579705369">
        <ele>1322.0</ele>
      </trkpt>
      <trkpt lat="44.175901185822994" lon="5.2365057746624855">
        <ele>1324.0</ele>
      </trkpt>
      <trkpt lat="44.176041889869396" lon="5.2367157533110715">
        <ele>1326.0</ele>
      </trkpt>
      <trkpt lat="44.176182593524246" lon="5.23692573299945">
        <ele>1328.0</ele>
      </trkpt>
      <trkpt lat="44.17632329678755" lon="5.237135713727626">
        <ele>1331.0</ele>
      </trkpt>
      <trkpt lat="44.176463999659305" lon="5.237345695495605">
        <ele>1333.0</ele>
      </trkpt>
      <trkpt lat="44.176574290548785" lon="5.237617491620783">
        <ele>1336.0</ele>
      </trkpt>
      <trkpt lat="44.17668458077131" lon="5.237889288800961">
        <ele>1338.0</ele>
      </trkpt>
      <trkpt lat="44.17679487032686" lon="5.238161087036133">
        <ele>1341.0</ele>
      </trkpt>
      <trkpt lat="44.17685642775024" lon="5.238429307647078">
        <ele>1343.0</ele>
      </trkpt>
      <trkpt lat="44.176917984519896" lon="5.23869752883911">
        <ele>1344.0</ele>
      </trkpt>
      <trkpt lat="44.176891053505265" lon="5.23890674124142">
        <ele>1346.0</ele>
      </trkpt>
      <trkpt lat="44.176864122092105" lon="5.239115953445433">
        <ele>1348.0</ele>
      </trkpt>
      <trkpt lat="44.1767781987857" lon="5.239303708644247">
        <ele>1350.0</ele>
      </trkpt>
      <trkpt lat="44.17669227516187" lon="5.2394914632752885">
        <ele>1351.0</ele>
      </trkpt>
      <trkpt lat="44.17660635122057" lon="5.239679217338561">
        <ele>1353.0</ele>
      </trkpt>
      <trkpt lat="44.17653132838379" lon="5.239931345318813">
        <ele>1355.0</ele>
      </trkpt>
      <trkpt lat="44.17645630497055" lon="5.24018347263336">
        <ele>1357.0</ele>
      </trkpt>
      <trkpt lat="44.17640628946901" lon="5.24044632911682">
        <ele>1358.0</ele>
      </trkpt>
      <trkpt lat="44.17643706824419" lon="5.2406662702560425">
        <ele>1359.0</ele>
      </trkpt>
      <trkpt lat="44.176525557133395" lon="5.240896940231322">
        <ele>1359.0</ele>
      </trkpt>
      <trkpt lat="44.17667560278022" lon="5.241037486499319">
        <ele>1360.0</ele>
      </trkpt>
      <trkpt lat="44.176825648258735" lon="5.241178033509503">
        <ele>1361.0</ele>
      </trkpt>
      <trkpt lat="44.176975693568956" lon="5.241318581261879">
        <ele>1362.0</ele>
      </trkpt>
      <trkpt lat="44.17712573871085" lon="5.241459129756452">
        <ele>1362.0</ele>
      </trkpt>
      <trkpt lat="44.17727578368444" lon="5.241599678993224">
        <ele>1363.0</ele>
      </trkpt>
      <trkpt lat="44.17742198052809" lon="5.241779386534894">
        <ele>1364.0</ele>
      </trkpt>
      <trkpt lat="44.17756817708854" lon="5.24195909500122">
        <ele>1366.0</ele>
      </trkpt>
      <trkpt lat="44.177672053414526" lon="5.24214953149317">
        <ele>1367.0</ele>
      </trkpt>
      <trkpt lat="44.17777592941561" lon="5.2423399686813354">
        <ele>1369.0</ele>
      </trkpt>
      <trkpt lat="44.177868263784596" lon="5.24254560403756">
        <ele>1370.0</ele>
      </trkpt>
      <trkpt lat="44.177960597772646" lon="5.2427512400620335">
        <ele>1372.0</ele>
      </trkpt>
      <trkpt lat="44.17805293137973" lon="5.24295687675476">
        <ele>1373.0</ele>
      </trkpt>
      <trkpt lat="44.17812089960135" lon="5.243173241097722">
        <ele>1374.0</ele>
      </trkpt>
      <trkpt lat="44.178188867398724" lon="5.243389605958257">
        <ele>1375.0</ele>
      </trkpt>
      <trkpt lat="44.17825683477182" lon="5.243605971336363">
        <ele>1375.0</ele>
      </trkpt>
      <trkpt lat="44.17831839075612" lon="5.243827700134562">
        <ele>1376.0</ele>
      </trkpt>
      <trkpt lat="44.178379946294285" lon="5.244049429413126">
        <ele>1377.0</ele>
      </trkpt>
      <trkpt lat="44.17844150138636" lon="5.244271159172057">
        <ele>1377.0</ele>
      </trkpt>
      <trkpt lat="44.17844919633675" lon="5.2445104122387045">
        <ele>1378.0</ele>
      </trkpt>
      <trkpt lat="44.178456890765474" lon="5.244749665370148">
        <ele>1379.0</ele>
      </trkpt>
      <trkpt lat="44.178464584672525" lon="5.244988918566378">
        <ele>1380.0</ele>
      </trkpt>
      <trkpt lat="44.17848574451531" lon="5.245185256062192">
        <ele>1380.0</ele>
      </trkpt>
      <trkpt lat="44.17850690400698" lon="5.245381593704224">
        <ele>1381.0</ele>
      </trkpt>
      <trkpt lat="44.1785703829985" lon="5.245515704005155">
        <ele>1381.0</ele>
      </trkpt>
      <trkpt lat="44.178633861828175" lon="5.245649814605712">
        <ele>1382.0</ele>
      </trkpt>
      <trkpt lat="44.17877428426873" lon="5.245779900778558">
        <ele>1383.0</ele>
      </trkpt>
      <trkpt lat="44.17891470656532" lon="5.245909987594319">
        <ele>1384.0</ele>
      </trkpt>
      <trkpt lat="44.17905512871794" lon="5.246040075052999">
        <ele>1385.0</ele>
      </trkpt>
      <trkpt lat="44.179195550726604" lon="5.246170163154602">
        <ele>1387.0</ele>
      </trkpt>
      <trkpt lat="44.17931865989277" lon="5.246331095346843">
        <ele>1390.0</ele>
      </trkpt>
      <trkpt lat="44.1794417688308" lon="5.24649202823639">
        <ele>1392.0</ele>
      </trkpt>
      <trkpt lat="44.17955525968553" lon="5.24667710028879">
        <ele>1394.0</ele>
      </trkpt>
      <trkpt lat="44.1796687502348" lon="5.246862173080444">
        <ele>1397.0</ele>
      </trkpt>
      <trkpt lat="44.17978031717389" lon="5.247057079503518">
        <ele>1399.0</ele>
      </trkpt>
      <trkpt lat="44.179891883773244" lon="5.247251986691934">
        <ele>1401.0</ele>
      </trkpt>
      <trkpt lat="44.18000345003285" lon="5.24744689464569">
        <ele>1402.0</ele>
      </trkpt>
      <trkpt lat="44.180095780943674" lon="5.247660397833113">
        <ele>1403.0</ele>
      </trkpt>
      <trkpt lat="44.1801881114435" lon="5.247873901714353">
        <ele>1404.0</ele>
      </trkpt>
      <trkpt lat="44.180280441532325" lon="5.248087406289414">
        <ele>1405.0</ele>
      </trkpt>
      <trkpt lat="44.18033943066476" lon="5.248304843538458">
        <ele>1405.0</ele>
      </trkpt>
      <trkpt lat="44.180398419368096" lon="5.248522281238943">
        <ele>1406.0</ele>
      </trkpt>
      <trkpt lat="44.180457407642386" lon="5.248739719390869">
        <ele>1406.0</ele>
      </trkpt>
      <trkpt lat="44.180484337608846" lon="5.248949289145091">
        <ele>1407.0</ele>
      </trkpt>
      <trkpt lat="44.18051126717542" lon="5.24915885909795">
        <ele>1407.0</ele>
      </trkpt>
      <trkpt lat="44.1805381963421" lon="5.249368429249444">
        <ele>1408.0</ele>
      </trkpt>
      <trkpt lat="44.18054204354535" lon="5.249534189722599">
        <ele>1409.0</ele>
      </trkpt>
      <trkpt lat="44.180545890498195" lon="5.249699950218198">
        <ele>1410.0</ele>
      </trkpt>
      <trkpt lat="44.180495878465585" lon="5.249996066158928">
        <ele>1411.0</ele>
      </trkpt>
      <trkpt lat="44.180464461262545" lon="5.250263393286354">
        <ele>1412.0</ele>
      </trkpt>
      <trkpt lat="44.18043304340874" lon="5.250530720118172">
        <ele>1413.0</ele>
      </trkpt>
      <trkpt lat="44.180401624904135" lon="5.250798046654381">
        <ele>1413.0</ele>
      </trkpt>
      <trkpt lat="44.180389122117845" lon="5.251032203520162">
        <ele>1414.0</ele>
      </trkpt>
      <trkpt lat="44.18037661883193" lon="5.251266360282898">
        <ele>1414.0</ele>
      </trkpt>
      <trkpt lat="44.18034199513849" lon="5.25143319381802">
        <ele>1414.0</ele>
      </trkpt>
      <trkpt lat="44.18030737119203" lon="5.251600027149833">
        <ele>1414.0</ele>
      </trkpt>
      <trkpt lat="44.1801688756682" lon="5.251775979995726">
        <ele>1415.0</ele>
      </trkpt>
      <trkpt lat="44.18007077442274" lon="5.251859128618736">
        <ele>1415.0</ele>
      </trkpt>
      <trkpt lat="44.179972673119245" lon="5.251942276954649">
        <ele>1416.0</ele>
      </trkpt>
      <trkpt lat="44.17986110667275" lon="5.252140760421753">
        <ele>1416.0</ele>
      </trkpt>
      <trkpt lat="44.17983032968487" lon="5.252356410092033">
        <ele>1417.0</ele>
      </trkpt>
      <trkpt lat="44.1798303304993" lon="5.2526004911123865">
        <ele>1417.0</ele>
      </trkpt>
      <trkpt lat="44.17983033077079" lon="5.252844572132744">
        <ele>1417.0</ele>
      </trkpt>
      <trkpt lat="44.17983033049929" lon="5.253088653153101">
        <ele>1418.0</ele>
      </trkpt>
      <trkpt lat="44.17983032968487" lon="5.253332734173454">
        <ele>1419.0</ele>
      </trkpt>
      <trkpt lat="44.17989380736397" lon="5.253539264036891">
        <ele>1420.0</ele>
      </trkpt>
      <trkpt lat="44.17995728465641" lon="5.253745794361747">
        <ele>1421.0</ele>
      </trkpt>
      <trkpt lat="44.18002012129307" lon="5.253981828233048">
        <ele>1421.0</ele>
      </trkpt>
      <trkpt lat="44.18008295742403" lon="5.2542178626263585">
        <ele>1421.0</ele>
      </trkpt>
      <trkpt lat="44.1801457930493" lon="5.25445389754168">
        <ele>1422.0</ele>
      </trkpt>
      <trkpt lat="44.180238123481544" lon="5.254590689979174">
        <ele>1422.0</ele>
      </trkpt>
      <trkpt lat="44.18033045374771" lon="5.254727482861199">
        <ele>1421.0</ele>
      </trkpt>
      <trkpt lat="44.18051284465236" lon="5.254811225188767">
        <ele>1422.0</ele>
      </trkpt>
      <trkpt lat="44.18069523551043" lon="5.254894968053922">
        <ele>1423.0</ele>
      </trkpt>
      <trkpt lat="44.18070267192085" lon="5.254937433249516">
        <ele>1423.0</ele>
      </trkpt>
      <trkpt lat="44.18072061612056" lon="5.255013296325874">
        <ele>1424.0</ele>
      </trkpt>
      <trkpt lat="44.18074839337772" lon="5.255112012459422">
        <ele>1425.0</ele>
      </trkpt>
      <trkpt lat="44.18078724536415" lon="5.2552217990807835">
        <ele>1426.0</ele>
      </trkpt>
      <trkpt lat="44.18082967553586" lon="5.255339648418834">
        <ele>1427.0</ele>
      </trkpt>
      <trkpt lat="44.180851574705315" lon="5.2554459694626665">
        <ele>1428.0</ele>
      </trkpt>
      <trkpt lat="44.18088421909313" lon="5.255576493784671">
        <ele>1428.0</ele>
      </trkpt>
      <trkpt lat="44.180904973582884" lon="5.255690652558178">
        <ele>1429.0</ele>
      </trkpt>
      <trkpt lat="44.18090272582648" lon="5.255778679994895">
        <ele>1429.0</ele>
      </trkpt>
      <trkpt lat="44.180883051057016" lon="5.255844798928705">
        <ele>1430.0</ele>
      </trkpt>
      <trkpt lat="44.1808633395266" lon="5.255875397930516">
        <ele>1430.0</ele>
      </trkpt>
      <trkpt lat="44.18085837369541" lon="5.255884367507196">
        <ele>1431.0</ele>
      </trkpt>
      <trkpt lat="44.18082944409884" lon="5.255905298519783">
        <ele>1432.0</ele>
      </trkpt>
      <trkpt lat="44.1807879071643" lon="5.255900623496865">
        <ele>1432.0</ele>
      </trkpt>
      <trkpt lat="44.180735188564434" lon="5.255851983024793">
        <ele>1433.0</ele>
      </trkpt>
      <trkpt lat="44.18070053458776" lon="5.255800283662684">
        <ele>1433.0</ele>
      </trkpt>
      <trkpt lat="44.18065628515679" lon="5.255716543941011">
        <ele>1434.0</ele>
      </trkpt>
      <trkpt lat="44.18056708811335" lon="5.255613489528092">
        <ele>1434.0</ele>
      </trkpt>
      <trkpt lat="44.180509031899106" lon="5.255551431813929">
        <ele>1435.0</ele>
      </trkpt>
      <trkpt lat="44.18043304613191" lon="5.255487175873805">
        <ele>1436.0</ele>
      </trkpt>
      <trkpt lat="44.18035327691096" lon="5.255422732358417">
        <ele>1437.0</ele>
      </trkpt>
      <trkpt lat="44.18024838857743" lon="5.255378095089834">
        <ele>1438.0</ele>
      </trkpt>
      <trkpt lat="44.18015669711493" lon="5.255298599062904">
        <ele>1439.0</ele>
      </trkpt>
      <trkpt lat="44.180070613331836" lon="5.255222006082857">
        <ele>1440.0</ele>
      </trkpt>
      <trkpt lat="44.17997294683423" lon="5.255154052598056">
        <ele>1441.0</ele>
      </trkpt>
      <trkpt lat="44.17988277712244" lon="5.255089092118211">
        <ele>1442.0</ele>
      </trkpt>
      <trkpt lat="44.17982843372951" lon="5.255029855731501">
        <ele>1444.0</ele>
      </trkpt>
      <trkpt lat="44.179800573776966" lon="5.25500874998719">
        <ele>1445.0</ele>
      </trkpt>
      <trkpt lat="44.17978919638065" lon="5.255009507068028">
        <ele>1446.0</ele>
      </trkpt>
      <trkpt lat="44.17977642707309" lon="5.254990456801454">
        <ele>1447.0</ele>
      </trkpt>
      <trkpt lat="44.179740860547525" lon="5.254937401320537">
        <ele>1447.0</ele>
      </trkpt>
      <trkpt lat="44.17970532170808" lon="5.254846201711571">
        <ele>1448.0</ele>
      </trkpt>
      <trkpt lat="44.17966779131826" lon="5.2547588420554785">
        <ele>1449.0</ele>
      </trkpt>
      <trkpt lat="44.179644267001024" lon="5.254641926094487">
        <ele>1449.0</ele>
      </trkpt>
      <trkpt lat="44.179614795439505" lon="5.254498400628868">
        <ele>1449.0</ele>
      </trkpt>
      <trkpt lat="44.17959779543793" lon="5.254422584182032">
        <ele>1450.0</ele>
      </trkpt>
      <trkpt lat="44.17958278230022" lon="5.2543060813319835">
        <ele>1451.0</ele>
      </trkpt>
      <trkpt lat="44.17954598578054" lon="5.254189825286124">
        <ele>1451.0</ele>
      </trkpt>
      <trkpt lat="44.1795073325778" lon="5.254072159407765">
        <ele>1452.0</ele>
      </trkpt>
      <trkpt lat="44.17947796776633" lon="5.2539615287933">
        <ele>1453.0</ele>
      </trkpt>
      <trkpt lat="44.17941932828493" lon="5.253848145293961">
        <ele>1454.0</ele>
      </trkpt>
      <trkpt lat="44.17938073945623" lon="5.253727854891195">
        <ele>1455.0</ele>
      </trkpt>
      <trkpt lat="44.1793317879439" lon="5.253605734679865">
        <ele>1457.0</ele>
      </trkpt>
      <trkpt lat="44.17929435907125" lon="5.253514439108432">
        <ele>1458.0</ele>
      </trkpt>
      <trkpt lat="44.179271820898364" lon="5.2534330885081415">
        <ele>1459.0</ele>
      </trkpt>
      <trkpt lat="44.17925056195787" lon="5.253338643303127">
        <ele>1460.0</ele>
      </trkpt>
      <trkpt lat="44.17923780370175" lon="5.253207786747242">
        <ele>1460.0</ele>
      </trkpt>
      <trkpt lat="44.17921853613898" lon="5.253109494315822">
        <ele>1461.0</ele>
      </trkpt>
      <trkpt lat="44.1791986315832" lon="5.253036161207661">
        <ele>1461.0</ele>
      </trkpt>
      <trkpt lat="44.17917155948023" lon="5.252909864739305">
        <ele>1462.0</ele>
      </trkpt>
      <trkpt lat="44.17913995911873" lon="5.252775446045334">
        <ele>1463.0</ele>
      </trkpt>
      <trkpt lat="44.17910289116906" lon="5.252632867926253">
        <ele>1464.0</ele>
      </trkpt>
      <trkpt lat="44.17907775090188" lon="5.252542180761442">
        <ele>1465.0</ele>
      </trkpt>
      <trkpt lat="44.1790428793633" lon="5.252424704516555">
        <ele>1466.0</ele>
      </trkpt>
      <trkpt lat="44.17899750476878" lon="5.252310655771">
        <ele>1468.0</ele>
      </trkpt>
      <trkpt lat="44.17896412260587" lon="5.252209041825424">
        <ele>1469.0</ele>
      </trkpt>
      <trkpt lat="44.178933514873584" lon="5.2521470190319315">
        <ele>1471.0</ele>
      </trkpt>
      <trkpt lat="44.178901012407024" lon="5.252048075246312">
        <ele>1472.0</ele>
      </trkpt>
      <trkpt lat="44.17888069666896" lon="5.251953683625979">
        <ele>1473.0</ele>
      </trkpt>
      <trkpt lat="44.1788774361285" lon="5.2518588119877165">
        <ele>1474.0</ele>
      </trkpt>
      <trkpt lat="44.17888342641644" lon="5.251772287317698">
        <ele>1475.0</ele>
      </trkpt>
      <trkpt lat="44.17889935318585" lon="5.25170466201891">
        <ele>1475.0</ele>
      </trkpt>
      <trkpt lat="44.178930613419304" lon="5.251666742817239">
        <ele>1476.0</ele>
      </trkpt>
      <trkpt lat="44.17897581311082" lon="5.25145323150131">
        <ele>1476.0</ele>
      </trkpt>
      <trkpt lat="44.17901230140833" lon="5.251247182282161">
        <ele>1477.0</ele>
      </trkpt>
      <trkpt lat="44.179010231392766" lon="5.2510313469107155">
        <ele>1478.0</ele>
      </trkpt>
      <trkpt lat="44.178964016851594" lon="5.250801503098545">
        <ele>1480.0</ele>
      </trkpt>
      <trkpt lat="44.17888816600126" lon="5.250583353163077">
        <ele>1482.0</ele>
      </trkpt>
      <trkpt lat="44.17881271994904" lon="5.250386270354263">
        <ele>1484.0</ele>
      </trkpt>
      <trkpt lat="44.178720687503244" lon="5.250171271843585">
        <ele>1486.0</ele>
      </trkpt>
      <trkpt lat="44.17861308854984" lon="5.249935778261305">
        <ele>1489.0</ele>
      </trkpt>
      <trkpt lat="44.17849772276965" lon="5.249707793086936">
        <ele>1491.0</ele>
      </trkpt>
      <trkpt lat="44.178426932941655" lon="5.2495135773171215">
        <ele>1493.0</ele>
      </trkpt>
      <trkpt lat="44.17832379762461" lon="5.249325656190033">
        <ele>1495.0</ele>
      </trkpt>
      <trkpt lat="44.17820894380404" lon="5.249114802698427">
        <ele>1497.0</ele>
      </trkpt>
      <trkpt lat="44.17809091648758" lon="5.2489169470510815">
        <ele>1499.0</ele>
      </trkpt>
      <trkpt lat="44.177983662390936" lon="5.2487419877015835">
        <ele>1502.0</ele>
      </trkpt>
      <trkpt lat="44.17786113814476" lon="5.248534706811291">
        <ele>1504.0</ele>
      </trkpt>
      <trkpt lat="44.17774362328596" lon="5.24835397521504">
        <ele>1507.0</ele>
      </trkpt>
      <trkpt lat="44.177608706438086" lon="5.248150034307787">
        <ele>1509.0</ele>
      </trkpt>
      <trkpt lat="44.17748497260192" lon="5.247953218220094">
        <ele>1512.0</ele>
      </trkpt>
      <trkpt lat="44.17733527511093" lon="5.247734956423384">
        <ele>1514.0</ele>
      </trkpt>
      <trkpt lat="44.177185577197406" lon="5.247516695776591">
        <ele>1516.0</ele>
      </trkpt>
      <trkpt lat="44.177035878861396" lon="5.247298436279708">
        <ele>1518.0</ele>
      </trkpt>
      <trkpt lat="44.17694332708833" lon="5.247178130654989">
        <ele>1520.0</ele>
      </trkpt>
      <trkpt lat="44.176869539672516" lon="5.24702718065705">
        <ele>1520.0</ele>
      </trkpt>
      <trkpt lat="44.1768159424589" lon="5.246864064914737">
        <ele>1521.0</ele>
      </trkpt>
      <trkpt lat="44.17677758297335" lon="5.246734590517973">
        <ele>1521.0</ele>
      </trkpt>
      <trkpt lat="44.176714208287784" lon="5.2466209803555826">
        <ele>1522.0</ele>
      </trkpt>
      <trkpt lat="44.17663472337704" lon="5.246619713916166">
        <ele>1523.0</ele>
      </trkpt>
      <trkpt lat="44.17661268377511" lon="5.246667300105225">
        <ele>1525.0</ele>
      </trkpt>
      <trkpt lat="44.17659096187918" lon="5.246867537498473">
        <ele>1526.0</ele>
      </trkpt>
      <trkpt lat="44.17667175588033" lon="5.246982872322138">
        <ele>1527.0</ele>
      </trkpt>
      <trkpt lat="44.176752549763634" lon="5.247098207473754">
        <ele>1528.0</ele>
      </trkpt>
      <trkpt lat="44.17681795454843" lon="5.247298478619202">
        <ele>1529.0</ele>
      </trkpt>
      <trkpt lat="44.176883358969896" lon="5.247498750225649">
        <ele>1530.0</ele>
      </trkpt>
      <trkpt lat="44.17694876302802" lon="5.247699022293089">
        <ele>1531.0</ele>
      </trkpt>
      <trkpt lat="44.177019939228344" lon="5.247981994280904">
        <ele>1533.0</ele>
      </trkpt>
      <trkpt lat="44.17709111470152" lon="5.24826496697756">
        <ele>1535.0</ele>
      </trkpt>
      <trkpt lat="44.17716228944752" lon="5.248547940383053">
        <ele>1536.0</ele>
      </trkpt>
      <trkpt lat="44.17723346346636" lon="5.2488309144973755">
        <ele>1538.0</ele>
      </trkpt>
      <trkpt lat="44.177295020845186" lon="5.249122380578877">
        <ele>1539.0</ele>
      </trkpt>
      <trkpt lat="44.17735657745173" lon="5.249413847291831">
        <ele>1541.0</ele>
      </trkpt>
      <trkpt lat="44.17741813328598" lon="5.24970531463623">
        <ele>1542.0</ele>
      </trkpt>
      <trkpt lat="44.17745468316193" lon="5.249938666370272">
        <ele>1544.0</ele>
      </trkpt>
      <trkpt lat="44.17749123254232" lon="5.250172018404486">
        <ele>1545.0</ele>
      </trkpt>
      <trkpt lat="44.1775277814271" lon="5.250405370738866">
        <ele>1546.0</ele>
      </trkpt>
      <trkpt lat="44.177564329816285" lon="5.250638723373412">
        <ele>1547.0</ele>
      </trkpt>
      <trkpt lat="44.17758228458772" lon="5.250942706869684">
        <ele>1548.0</ele>
      </trkpt>
      <trkpt lat="44.177600238517144" lon="5.25124669055804">
        <ele>1549.0</ele>
      </trkpt>
      <trkpt lat="44.17761819160453" lon="5.251550674438476">
        <ele>1550.0</ele>
      </trkpt>
      <trkpt lat="44.17762684887269" lon="5.251809507490127">
        <ele>1551.0</ele>
      </trkpt>
      <trkpt lat="44.17763550553029" lon="5.252068340620638">
        <ele>1552.0</ele>
      </trkpt>
      <trkpt lat="44.177644161577334" lon="5.252327173830005">
        <ele>1552.0</ele>
      </trkpt>
      <trkpt lat="44.17765281701383" lon="5.252586007118223">
        <ele>1553.0</ele>
      </trkpt>
      <trkpt lat="44.17768231316428" lon="5.252811312441586">
        <ele>1554.0</ele>
      </trkpt>
      <trkpt lat="44.17771180885253" lon="5.253036617998839">
        <ele>1555.0</ele>
      </trkpt>
      <trkpt lat="44.17774130407857" lon="5.253261923789976">
        <ele>1556.0</ele>
      </trkpt>
      <trkpt lat="44.177759772070395" lon="5.253513622061528">
        <ele>1557.0</ele>
      </trkpt>
      <trkpt lat="44.17777823948499" lon="5.253765320496674">
        <ele>1558.0</ele>
      </trkpt>
      <trkpt lat="44.177796706322354" lon="5.25401701909541">
        <ele>1559.0</ele>
      </trkpt>
      <trkpt lat="44.17781517258251" lon="5.254268717857732">
        <ele>1560.0</ele>
      </trkpt>
      <trkpt lat="44.17783363826546" lon="5.254520416783634">
        <ele>1561.0</ele>
      </trkpt>
      <trkpt lat="44.17779228094809" lon="5.25475162357456">
        <ele>1562.0</ele>
      </trkpt>
      <trkpt lat="44.177750923144416" lon="5.254982830028948">
        <ele>1563.0</ele>
      </trkpt>
      <trkpt lat="44.17770956485442" lon="5.255214036146796">
        <ele>1564.0</ele>
      </trkpt>
      <trkpt lat="44.17766820607813" lon="5.255445241928101">
        <ele>1564.0</ele>
      </trkpt>
      <trkpt lat="44.17774034278505" lon="5.255664645920945">
        <ele>1565.0</ele>
      </trkpt>
      <trkpt lat="44.17781247905596" lon="5.255884050470817">
        <ele>1565.0</ele>
      </trkpt>
      <trkpt lat="44.177884614890836" lon="5.256103455577716">
        <ele>1566.0</ele>
      </trkpt>
      <trkpt lat="44.17795675028969" lon="5.256322861241642">
        <ele>1568.0</ele>
      </trkpt>
      <trkpt lat="44.17797598708006" lon="5.256572127522711">
        <ele>1569.0</ele>
      </trkpt>
      <trkpt lat="44.17799522330435" lon="5.256821393972542">
        <ele>1571.0</ele>
      </trkpt>
      <trkpt lat="44.17801442840374" lon="5.257070264586874">
        <ele>1572.0</ele>
      </trkpt>
      <trkpt lat="44.17801445896253" lon="5.2570706605911255">
        <ele>1574.0</ele>
      </trkpt>
      <trkpt lat="44.17800932987573" lon="5.257321000144377">
        <ele>1575.0</ele>
      </trkpt>
      <trkpt lat="44.17800420021778" lon="5.257571339652434">
        <ele>1576.0</ele>
      </trkpt>
      <trkpt lat="44.17799906998865" lon="5.2578216791152945">
        <ele>1577.0</ele>
      </trkpt>
      <trkpt lat="44.177964445160626" lon="5.258030891673408">
        <ele>1579.0</ele>
      </trkpt>
      <trkpt lat="44.17792981993432" lon="5.258240103976571">
        <ele>1580.0</ele>
      </trkpt>
      <trkpt lat="44.177895194309706" lon="5.258449316024779">
        <ele>1582.0</ele>
      </trkpt>
      <trkpt lat="44.177828508841905" lon="5.258638859240019">
        <ele>1583.0</ele>
      </trkpt>
      <trkpt lat="44.17776182304898" lon="5.258828402010407">
        <ele>1584.0</ele>
      </trkpt>
      <trkpt lat="44.177695136930936" lon="5.259017944335937">
        <ele>1585.0</ele>
      </trkpt>
      <trkpt lat="44.17772591503339" lon="5.259264707565307">
        <ele>1586.0</ele>
      </trkpt>
      <trkpt lat="44.177825943755415" lon="5.259495377540588">
        <ele>1586.0</ele>
      </trkpt>
      <trkpt lat="44.17786056928959" lon="5.259733021376442">
        <ele>1587.0</ele>
      </trkpt>
      <trkpt lat="44.177895194309706" lon="5.259970665501896">
        <ele>1588.0</ele>
      </trkpt>
      <trkpt lat="44.17789904215932" lon="5.260227084474376">
        <ele>1590.0</ele>
      </trkpt>
      <trkpt lat="44.17790288940969" lon="5.260483503481578">
        <ele>1592.0</ele>
      </trkpt>
      <trkpt lat="44.17790673606083" lon="5.2607399225234985">
        <ele>1594.0</ele>
      </trkpt>
      <trkpt lat="44.17789583606942" lon="5.260986328306841">
        <ele>1596.0</ele>
      </trkpt>
      <trkpt lat="44.17788493552472" lon="5.261232733995656">
        <ele>1598.0</ele>
      </trkpt>
      <trkpt lat="44.177874034426715" lon="5.261479139589936">
        <ele>1601.0</ele>
      </trkpt>
      <trkpt lat="44.17785287505316" lon="5.2617191079811985">
        <ele>1603.0</ele>
      </trkpt>
      <trkpt lat="44.17783171515502" lon="5.2619590761937545">
        <ele>1605.0</ele>
      </trkpt>
      <trkpt lat="44.177810554732275" lon="5.262199044227599">
        <ele>1607.0</ele>
      </trkpt>
      <trkpt lat="44.1778246619632" lon="5.262461900580557">
        <ele>1609.0</ele>
      </trkpt>
      <trkpt lat="44.177838768564506" lon="5.262724757064017">
        <ele>1611.0</ele>
      </trkpt>
      <trkpt lat="44.177852874536185" lon="5.2629876136779785">
        <ele>1612.0</ele>
      </trkpt>
      <trkpt lat="44.1778631345763" lon="5.263264775176107">
        <ele>1614.0</ele>
      </trkpt>
      <trkpt lat="44.177873393916336" lon="5.263541936774313">
        <ele>1616.0</ele>
      </trkpt>
      <trkpt lat="44.17788365255629" lon="5.263819098472594">
        <ele>1619.0</ele>
      </trkpt>
      <trkpt lat="44.17787339388066" lon="5.2640891076109195">
        <ele>1621.0</ele>
      </trkpt>
      <trkpt lat="44.177863134540615" lon="5.264359116651755">
        <ele>1623.0</ele>
      </trkpt>
      <trkpt lat="44.177852874536185" lon="5.264629125595092">
        <ele>1624.0</ele>
      </trkpt>
      <trkpt lat="44.177829791524495" lon="5.264868736461753">
        <ele>1626.0</ele>
      </trkpt>
      <trkpt lat="44.177806707989824" lon="5.265108347133751">
        <ele>1628.0</ele>
      </trkpt>
      <trkpt lat="44.177783623932164" lon="5.265347957611083">
        <ele>1629.0</ele>
      </trkpt>
      <trkpt lat="44.177724632992835" lon="5.265567899206943">
        <ele>1631.0</ele>
      </trkpt>
      <trkpt lat="44.17766564161442" lon="5.265787840346164">
        <ele>1633.0</ele>
      </trkpt>
      <trkpt lat="44.177606649796914" lon="5.266007781028747">
        <ele>1634.0</ele>
      </trkpt>
      <trkpt lat="44.17762973385593" lon="5.266231298265064">
        <ele>1636.0</ele>
      </trkpt>
      <trkpt lat="44.17765281745986" lon="5.266454815682971">
        <ele>1637.0</ele>
      </trkpt>
      <trkpt lat="44.17767590060876" lon="5.266678333282469">
        <ele>1638.0</ele>
      </trkpt>
      <trkpt lat="44.177679748687765" lon="5.266922414253248">
        <ele>1640.0</ele>
      </trkpt>
      <trkpt lat="44.17768359622381" lon="5.267166495257081">
        <ele>1641.0</ele>
      </trkpt>
      <trkpt lat="44.177687443216904" lon="5.267410576293964">
        <ele>1643.0</ele>
      </trkpt>
      <trkpt lat="44.177691289667" lon="5.26765465736389">
        <ele>1645.0</ele>
      </trkpt>
      <trkpt lat="44.17767542230039" lon="5.267940983735937">
        <ele>1646.0</ele>
      </trkpt>
      <trkpt lat="44.17765955418669" lon="5.268227309948084">
        <ele>1648.0</ele>
      </trkpt>
      <trkpt lat="44.177643685325954" lon="5.268513636000321">
        <ele>1650.0</ele>
      </trkpt>
      <trkpt lat="44.17762781571815" lon="5.268799961892641">
        <ele>1652.0</ele>
      </trkpt>
      <trkpt lat="44.17761194536327" lon="5.269086287625036">
        <ele>1654.0</ele>
      </trkpt>
      <trkpt lat="44.177596074261324" lon="5.269372613197502">
        <ele>1656.0</ele>
      </trkpt>
      <trkpt lat="44.17758020241234" lon="5.269658938610028">
        <ele>1658.0</ele>
      </trkpt>
      <trkpt lat="44.177564329816285" lon="5.269945263862608">
        <ele>1660.0</ele>
      </trkpt>
      <trkpt lat="44.17752778180346" lon="5.270231590227409">
        <ele>1662.0</ele>
      </trkpt>
      <trkpt lat="44.17749123304413" lon="5.270517916223908">
        <ele>1664.0</ele>
      </trkpt>
      <trkpt lat="44.17745468353829" lon="5.270804241852096">
        <ele>1666.0</ele>
      </trkpt>
      <trkpt lat="44.17741813328598" lon="5.271090567111968">
        <ele>1667.0</ele>
      </trkpt>
      <trkpt lat="44.177366195320026" lon="5.2713815870560685">
        <ele>1669.0</ele>
      </trkpt>
      <trkpt lat="44.1773142565836" lon="5.271672606468199">
        <ele>1670.0</ele>
      </trkpt>
      <trkpt lat="44.177281555015504" lon="5.271970331840182">
        <ele>1672.0</ele>
      </trkpt>
      <trkpt lat="44.17724885264008" lon="5.272268056869506">
        <ele>1674.0</ele>
      </trkpt>
      <trkpt lat="44.17719499058828" lon="5.272415578505148">
        <ele>1675.0</ele>
      </trkpt>
      <trkpt lat="44.177141128339656" lon="5.272563099861144">
        <ele>1677.0</ele>
      </trkpt>
      <trkpt lat="44.17700647268741" lon="5.272718667984008">
        <ele>1680.0</ele>
      </trkpt>
      <trkpt lat="44.17684873281794" lon="5.2728044986724845">
        <ele>1682.0</ele>
      </trkpt>
      <trkpt lat="44.176726900838226" lon="5.272943080065791">
        <ele>1684.0</ele>
      </trkpt>
      <trkpt lat="44.176605068691174" lon="5.273081660864892">
        <ele>1686.0</ele>
      </trkpt>
      <trkpt lat="44.17648323637685" lon="5.273220241069793">
        <ele>1688.0</ele>
      </trkpt>
      <trkpt lat="44.176369098711454" lon="5.27345717048451">
        <ele>1690.0</ele>
      </trkpt>
      <trkpt lat="44.17625496054123" lon="5.27369409894749">
        <ele>1691.0</ele>
      </trkpt>
      <trkpt lat="44.17614082186614" lon="5.27393102645874">
        <ele>1693.0</ele>
      </trkpt>
      <trkpt lat="44.17607541662109" lon="5.27414560317993">
        <ele>1694.0</ele>
      </trkpt>
      <trkpt lat="44.17612581459498" lon="5.274343715208065">
        <ele>1695.0</ele>
      </trkpt>
      <trkpt lat="44.17624854799403" lon="5.274446010589599">
        <ele>1696.0</ele>
      </trkpt>
      <trkpt lat="44.17644091558996" lon="5.274511456555045">
        <ele>1697.0</ele>
      </trkpt>
      <trkpt lat="44.17659865617445" lon="5.274591922378781">
        <ele>1698.0</ele>
      </trkpt>
      <trkpt lat="44.17675639671288" lon="5.274672388649227">
        <ele>1699.0</ele>
      </trkpt>
      <trkpt lat="44.17691413720528" lon="5.274752855366386">
        <ele>1701.0</ele>
      </trkpt>
      <trkpt lat="44.17706802959278" lon="5.274964749304739">
        <ele>1703.0</ele>
      </trkpt>
      <trkpt lat="44.17722192158342" lon="5.27517664439074">
        <ele>1705.0</ele>
      </trkpt>
      <trkpt lat="44.17732066910753" lon="5.275421618629392">
        <ele>1707.0</ele>
      </trkpt>
      <trkpt lat="44.17741941608975" lon="5.275666593719419">
        <ele>1710.0</ele>
      </trkpt>
      <trkpt lat="44.17751816253009" lon="5.27591156966082">
        <ele>1713.0</ele>
      </trkpt>
      <trkpt lat="44.177567216076454" lon="5.276163696655312">
        <ele>1715.0</ele>
      </trkpt>
      <trkpt lat="44.17761626904471" lon="5.2764158240850785">
        <ele>1717.0</ele>
      </trkpt>
      <trkpt lat="44.177665321434844" lon="5.276667951950116">
        <ele>1719.0</ele>
      </trkpt>
      <trkpt lat="44.17771437324687" lon="5.27692008025042">
        <ele>1721.0</ele>
      </trkpt>
      <trkpt lat="44.177743228127746" lon="5.277225851922857">
        <ele>1723.0</ele>
      </trkpt>
      <trkpt lat="44.17777208215691" lon="5.277531623905814">
        <ele>1724.0</ele>
      </trkpt>
      <trkpt lat="44.17775284614016" lon="5.277781069428639">
        <ele>1726.0</ele>
      </trkpt>
      <trkpt lat="44.17773360955649" lon="5.278030514782586">
        <ele>1728.0</ele>
      </trkpt>
      <trkpt lat="44.17772078576057" lon="5.278243303460473">
        <ele>1730.0</ele>
      </trkpt>
      <trkpt lat="44.177707961552045" lon="5.278456092042322">
        <ele>1731.0</ele>
      </trkpt>
      <trkpt lat="44.17769513693096" lon="5.278668880528128">
        <ele>1733.0</ele>
      </trkpt>
      <trkpt lat="44.17768231328515" lon="5.278919220149174">
        <ele>1735.0</ele>
      </trkpt>
      <trkpt lat="44.177669489068286" lon="5.279169559657231">
        <ele>1737.0</ele>
      </trkpt>
      <trkpt lat="44.17765666428029" lon="5.279419899052298">
        <ele>1739.0</ele>
      </trkpt>
      <trkpt lat="44.17762396288055" lon="5.279709577792607">
        <ele>1741.0</ele>
      </trkpt>
      <trkpt lat="44.17759126071656" lon="5.279999256199516">
        <ele>1743.0</ele>
      </trkpt>
      <trkpt lat="44.177581642664535" lon="5.280165553186586">
        <ele>1744.0</ele>
      </trkpt>
      <trkpt lat="44.1775720243605" lon="5.2803318501173635">
        <ele>1745.0</ele>
      </trkpt>
      <trkpt lat="44.177502773426646" lon="5.280403196811675">
        <ele>1747.0</ele>
      </trkpt>
      <trkpt lat="44.17741468814955" lon="5.280397422032203">
        <ele>1749.0</ele>
      </trkpt>
      <trkpt lat="44.17740519999991" lon="5.2803968">
        <ele>1750.0</ele>
      </trkpt>
      <trkpt lat="44.177405238680656" lon="5.280396804078606">
        <ele>1752.0</ele>
      </trkpt>
      <trkpt lat="44.17737859415129" lon="5.280475723795563">
        <ele>1754.0</ele>
      </trkpt>
      <trkpt lat="44.17737656353531" lon="5.280480882310162">
        <ele>1755.0</ele>
      </trkpt>
      <trkpt lat="44.17731706230488" lon="5.280659454741945">
        <ele>1757.0</ele>
      </trkpt>
      <trkpt lat="44.17724563329671" lon="5.280951874853419">
        <ele>1758.0</ele>
      </trkpt>
      <trkpt lat="44.177174203511846" lon="5.281244294229772">
        <ele>1760.0</ele>
      </trkpt>
      <trkpt lat="44.17714379093292" lon="5.28139603165815">
        <ele>1761.0</ele>
      </trkpt>
      <trkpt lat="44.17711337814464" lon="5.281547768924116">
        <ele>1763.0</ele>
      </trkpt>
      <trkpt lat="44.17708531391501" lon="5.281645030774468">
        <ele>1764.0</ele>
      </trkpt>
      <trkpt lat="44.17701223523068" lon="5.281799246866987">
        <ele>1765.0</ele>
      </trkpt>
      <trkpt lat="44.17693915633238" lon="5.28195346256287">
        <ele>1767.0</ele>
      </trkpt>
      <trkpt lat="44.176962360943406" lon="5.281824393308773">
        <ele>1769.0</ele>
      </trkpt>
      <trkpt lat="44.17697320536287" lon="5.281697334928045">
        <ele>1771.0</ele>
      </trkpt>
      <trkpt lat="44.17698455237715" lon="5.281587405488268">
        <ele>1772.0</ele>
      </trkpt>
      <trkpt lat="44.17698007193363" lon="5.281467478982748">
        <ele>1774.0</ele>
      </trkpt>
      <trkpt lat="44.176981153710344" lon="5.281314939582285">
        <ele>1775.0</ele>
      </trkpt>
      <trkpt lat="44.176976337804575" lon="5.28113449202088">
        <ele>1777.0</ele>
      </trkpt>
      <trkpt lat="44.17696057377053" lon="5.28090087474109">
        <ele>1778.0</ele>
      </trkpt>
      <trkpt lat="44.17695173802392" lon="5.280692602099884">
        <ele>1779.0</ele>
      </trkpt>
      <trkpt lat="44.176945664079476" lon="5.280452684618902">
        <ele>1780.0</ele>
      </trkpt>
    </trkseg>
  </trk>
</gpx>