<?xml version="1.0" encoding="UTF-8"?>
<gpx xmlns="http://www.topografix.com/GPX/1/1" xmlns:xsi="http://www.w3.org/2001/XMLSchema-instance" xsi:schemaLocation="http://www.topografix.com/GPX/1/1 http://www.topografix.com/GPX/1/1/gpx.xsd" version="1.1" creator="gpx.py -- https://github.com/tkrajina/gpxpy">
  <trk>
    <name>[Itinéraire] C- Ascension du Ventoux par Sault</name>
    <desc>Modifié: 6 jours</desc>
    <trkseg>
      <trkpt lat="44.091369006471815" lon="5.4072545770947045">
        <ele>744.0</ele>
      </trkpt>
      <trkpt lat="44.09152450324422" lon="5.40719728870388">
        <ele>743.0</ele>
      </trkpt>
      <trkpt lat="44.09167999999989" lon="5.407139999999997">
        <ele>743.0</ele>
      </trkpt>
      <trkpt lat="44.091791561331426" lon="5.4071028130142595">
        <ele>742.0</ele>
      </trkpt>
      <trkpt lat="44.09192934975858" lon="5.40705688348873">
        <ele>741.0</ele>
      </trkpt>
      <trkpt lat="44.09208146993381" lon="5.40700614452362">
        <ele>740.0</ele>
      </trkpt>
      <trkpt lat="44.0922638371312" lon="5.407068728999525">
        <ele>739.0</ele>
      </trkpt>
      <trkpt lat="44.09244620431099" lon="5.40713131387654">
        <ele>738.0</ele>
      </trkpt>
      <trkpt lat="44.09262857147317" lon="5.407193899154661">
        <ele>737.0</ele>
      </trkpt>
      <trkpt lat="44.092659393944494" lon="5.4070919752120945">
        <ele>735.0</ele>
      </trkpt>
      <trkpt lat="44.09249996227414" lon="5.406941718206404">
        <ele>734.0</ele>
      </trkpt>
      <trkpt lat="44.092340530411576" lon="5.406791462042604">
        <ele>732.0</ele>
      </trkpt>
      <trkpt lat="44.092375694436946" lon="5.406751247483109">
        <ele>731.0</ele>
      </trkpt>
      <trkpt lat="44.09241599393356" lon="5.406766468230202">
        <ele>730.0</ele>
      </trkpt>
      <trkpt lat="44.09246872693166" lon="5.406795936317682">
        <ele>730.0</ele>
      </trkpt>
      <trkpt lat="44.092485948548585" lon="5.406805560059881">
        <ele>730.0</ele>
      </trkpt>
      <trkpt lat="44.09251137188336" lon="5.4068108110679285">
        <ele>730.0</ele>
      </trkpt>
      <trkpt lat="44.09254897502653" lon="5.406820640381052">
        <ele>730.0</ele>
      </trkpt>
      <trkpt lat="44.092627623479885" lon="5.406818142946908">
        <ele>729.0</ele>
      </trkpt>
      <trkpt lat="44.092718491506936" lon="5.406818906137373">
        <ele>728.0</ele>
      </trkpt>
      <trkpt lat="44.09280434741223" lon="5.406829922265211">
        <ele>727.0</ele>
      </trkpt>
      <trkpt lat="44.092893667711635" lon="5.406852929322192">
        <ele>726.0</ele>
      </trkpt>
      <trkpt lat="44.093001863298035" lon="5.406878234286">
        <ele>725.0</ele>
      </trkpt>
      <trkpt lat="44.093090523552355" lon="5.406890711063693">
        <ele>723.0</ele>
      </trkpt>
      <trkpt lat="44.093194032854925" lon="5.406878987852516">
        <ele>722.0</ele>
      </trkpt>
      <trkpt lat="44.09330059146051" lon="5.406859544804308">
        <ele>721.0</ele>
      </trkpt>
      <trkpt lat="44.093347234679875" lon="5.406850138473669">
        <ele>720.0</ele>
      </trkpt>
      <trkpt lat="44.09341178832512" lon="5.4068461416365095">
        <ele>719.0</ele>
      </trkpt>
      <trkpt lat="44.09353216262932" lon="5.406838688640929">
        <ele>718.0</ele>
      </trkpt>
      <trkpt lat="44.09356199585044" lon="5.406838754367895">
        <ele>717.0</ele>
      </trkpt>
      <trkpt lat="44.09366469616079" lon="5.406838980632278">
        <ele>716.0</ele>
      </trkpt>
      <trkpt lat="44.093740614114296" lon="5.406832401993557">
        <ele>715.0</ele>
      </trkpt>
      <trkpt lat="44.093771919906835" lon="5.40683008311595">
        <ele>715.0</ele>
      </trkpt>
      <trkpt lat="44.093958942125795" lon="5.406810857847843">
        <ele>714.0</ele>
      </trkpt>
      <trkpt lat="44.094160362593335" lon="5.406784505114637">
        <ele>713.0</ele>
      </trkpt>
      <trkpt lat="44.094302846463286" lon="5.4067669187440135">
        <ele>712.0</ele>
      </trkpt>
      <trkpt lat="44.09441521932011" lon="5.406742518430078">
        <ele>712.0</ele>
      </trkpt>
      <trkpt lat="44.09451719290728" lon="5.4067175806233525">
        <ele>711.0</ele>
      </trkpt>
      <trkpt lat="44.094622590981" lon="5.406705959194699">
        <ele>711.0</ele>
      </trkpt>
      <trkpt lat="44.094732790269184" lon="5.406691961987431">
        <ele>711.0</ele>
      </trkpt>
      <trkpt lat="44.0947707123674" lon="5.40668998286497">
        <ele>711.0</ele>
      </trkpt>
      <trkpt lat="44.09483423422199" lon="5.406686702787366">
        <ele>710.0</ele>
      </trkpt>
      <trkpt lat="44.09494050835382" lon="5.406677749632559">
        <ele>710.0</ele>
      </trkpt>
      <trkpt lat="44.09507252459925" lon="5.406662246313766">
        <ele>709.0</ele>
      </trkpt>
      <trkpt lat="44.09520741359323" lon="5.406645582513386">
        <ele>709.0</ele>
      </trkpt>
      <trkpt lat="44.09533847985374" lon="5.40663003885851">
        <ele>708.0</ele>
      </trkpt>
      <trkpt lat="44.09547406296616" lon="5.406622602781472">
        <ele>708.0</ele>
      </trkpt>
      <trkpt lat="44.09562120577559" lon="5.406607889034027">
        <ele>707.0</ele>
      </trkpt>
      <trkpt lat="44.095738198113075" lon="5.406587664052306">
        <ele>707.0</ele>
      </trkpt>
      <trkpt lat="44.09584191810439" lon="5.406568077012293">
        <ele>706.0</ele>
      </trkpt>
      <trkpt lat="44.09594196866057" lon="5.406544353865039">
        <ele>705.0</ele>
      </trkpt>
      <trkpt lat="44.096031791076086" lon="5.406513533280747">
        <ele>704.0</ele>
      </trkpt>
      <trkpt lat="44.09610452428642" lon="5.406484448654856">
        <ele>704.0</ele>
      </trkpt>
      <trkpt lat="44.09618950450014" lon="5.406492788992104">
        <ele>703.0</ele>
      </trkpt>
      <trkpt lat="44.09632529699689" lon="5.406512957286603">
        <ele>703.0</ele>
      </trkpt>
      <trkpt lat="44.096471591533145" lon="5.406529724044683">
        <ele>702.0</ele>
      </trkpt>
      <trkpt lat="44.09649526284141" lon="5.406529638364215">
        <ele>702.0</ele>
      </trkpt>
      <trkpt lat="44.096642013216425" lon="5.406529346547932">
        <ele>701.0</ele>
      </trkpt>
      <trkpt lat="44.09677851189438" lon="5.40652327574354">
        <ele>700.0</ele>
      </trkpt>
      <trkpt lat="44.09691633689158" lon="5.4065028219078695">
        <ele>700.0</ele>
      </trkpt>
      <trkpt lat="44.0970584402914" lon="5.406464196402243">
        <ele>699.0</ele>
      </trkpt>
      <trkpt lat="44.097132606592595" lon="5.406452264900701">
        <ele>698.0</ele>
      </trkpt>
      <trkpt lat="44.09725870061702" lon="5.406445656258117">
        <ele>698.0</ele>
      </trkpt>
      <trkpt lat="44.09722314175856" lon="5.406359736032752">
        <ele>697.0</ele>
      </trkpt>
      <trkpt lat="44.09719787398302" lon="5.406278292091489">
        <ele>697.0</ele>
      </trkpt>
      <trkpt lat="44.097189837845" lon="5.4061898551974314">
        <ele>697.0</ele>
      </trkpt>
      <trkpt lat="44.09718113627955" lon="5.40609087942736">
        <ele>696.0</ele>
      </trkpt>
      <trkpt lat="44.09718343090215" lon="5.406005600925909">
        <ele>696.0</ele>
      </trkpt>
      <trkpt lat="44.097191465534024" lon="5.405918001215728">
        <ele>696.0</ele>
      </trkpt>
      <trkpt lat="44.097211366895934" lon="5.4058467744456795">
        <ele>696.0</ele>
      </trkpt>
      <trkpt lat="44.09723242332941" lon="5.4057677246461076">
        <ele>696.0</ele>
      </trkpt>
      <trkpt lat="44.0972610114966" lon="5.405690380240426">
        <ele>696.0</ele>
      </trkpt>
      <trkpt lat="44.09730672315644" lon="5.405609981385722">
        <ele>696.0</ele>
      </trkpt>
      <trkpt lat="44.09737547501366" lon="5.405517639354315">
        <ele>696.0</ele>
      </trkpt>
      <trkpt lat="44.09743855509372" lon="5.405424997299882">
        <ele>697.0</ele>
      </trkpt>
      <trkpt lat="44.097518098605796" lon="5.405318761846766">
        <ele>697.0</ele>
      </trkpt>
      <trkpt lat="44.09761319018393" lon="5.405197559674038">
        <ele>698.0</ele>
      </trkpt>
      <trkpt lat="44.09771514258234" lon="5.405067523265081">
        <ele>698.0</ele>
      </trkpt>
      <trkpt lat="44.09779808798297" lon="5.404940438880972">
        <ele>699.0</ele>
      </trkpt>
      <trkpt lat="44.09786599754463" lon="5.404844108707238">
        <ele>700.0</ele>
      </trkpt>
      <trkpt lat="44.097876857640316" lon="5.404827594460072">
        <ele>700.0</ele>
      </trkpt>
      <trkpt lat="44.09791034294467" lon="5.404779401926172">
        <ele>701.0</ele>
      </trkpt>
      <trkpt lat="44.097935943393836" lon="5.404742631431166">
        <ele>702.0</ele>
      </trkpt>
      <trkpt lat="44.09804322587639" lon="5.404590529964742">
        <ele>703.0</ele>
      </trkpt>
      <trkpt lat="44.09817288294719" lon="5.404415937712726">
        <ele>704.0</ele>
      </trkpt>
      <trkpt lat="44.09830580483676" lon="5.404225753707681">
        <ele>705.0</ele>
      </trkpt>
      <trkpt lat="44.09844796548421" lon="5.404043921221269">
        <ele>707.0</ele>
      </trkpt>
      <trkpt lat="44.09858193384203" lon="5.4038498436699625">
        <ele>708.0</ele>
      </trkpt>
      <trkpt lat="44.09860942826667" lon="5.403813167363154">
        <ele>709.0</ele>
      </trkpt>
      <trkpt lat="44.098713307516824" lon="5.403681910672157">
        <ele>709.0</ele>
      </trkpt>
      <trkpt lat="44.09882471888632" lon="5.403516882061001">
        <ele>710.0</ele>
      </trkpt>
      <trkpt lat="44.09893021347454" lon="5.403360741920345">
        <ele>710.0</ele>
      </trkpt>
      <trkpt lat="44.098933154665744" lon="5.4033569526454865">
        <ele>710.0</ele>
      </trkpt>
      <trkpt lat="44.0989935759933" lon="5.4032576033656134">
        <ele>711.0</ele>
      </trkpt>
      <trkpt lat="44.09903714698371" lon="5.403186286334309">
        <ele>711.0</ele>
      </trkpt>
      <trkpt lat="44.099119811589624" lon="5.403034218735036">
        <ele>712.0</ele>
      </trkpt>
      <trkpt lat="44.09918075620089" lon="5.402915188184271">
        <ele>712.0</ele>
      </trkpt>
      <trkpt lat="44.099214109416025" lon="5.402801304612865">
        <ele>713.0</ele>
      </trkpt>
      <trkpt lat="44.09924118799555" lon="5.402744899605908">
        <ele>713.0</ele>
      </trkpt>
      <trkpt lat="44.09926678794481" lon="5.402708119845306">
        <ele>713.0</ele>
      </trkpt>
      <trkpt lat="44.09930391318172" lon="5.402665371719945">
        <ele>713.0</ele>
      </trkpt>
      <trkpt lat="44.099356933296235" lon="5.402630012418843">
        <ele>713.0</ele>
      </trkpt>
      <trkpt lat="44.09940904310795" lon="5.402593295087298">
        <ele>713.0</ele>
      </trkpt>
      <trkpt lat="44.09947715564885" lon="5.402560035055022">
        <ele>713.0</ele>
      </trkpt>
      <trkpt lat="44.09953955692075" lon="5.402527785774106">
        <ele>713.0</ele>
      </trkpt>
      <trkpt lat="44.09961974720553" lon="5.4025030277896695">
        <ele>713.0</ele>
      </trkpt>
      <trkpt lat="44.09970176331059" lon="5.402480993393114">
        <ele>713.0</ele>
      </trkpt>
      <trkpt lat="44.09980289438353" lon="5.402452058996206">
        <ele>713.0</ele>
      </trkpt>
      <trkpt lat="44.09988301097251" lon="5.40242992174046">
        <ele>713.0</ele>
      </trkpt>
      <trkpt lat="44.09993184407687" lon="5.402421578764915">
        <ele>713.0</ele>
      </trkpt>
      <trkpt lat="44.09993714103605" lon="5.402418226003647">
        <ele>712.0</ele>
      </trkpt>
      <trkpt lat="44.099948938807" lon="5.4024165496230125">
        <ele>712.0</ele>
      </trkpt>
      <trkpt lat="44.09996008379828" lon="5.40241551307756">
        <ele>712.0</ele>
      </trkpt>
      <trkpt lat="44.100008797213036" lon="5.402399644267644">
        <ele>712.0</ele>
      </trkpt>
      <trkpt lat="44.10008828779255" lon="5.402365649605938">
        <ele>713.0</ele>
      </trkpt>
      <trkpt lat="44.100166799778265" lon="5.402332918061973">
        <ele>713.0</ele>
      </trkpt>
      <trkpt lat="44.1002435253082" lon="5.402296159870826">
        <ele>713.0</ele>
      </trkpt>
      <trkpt lat="44.10032617284565" lon="5.402250504869678">
        <ele>713.0</ele>
      </trkpt>
      <trkpt lat="44.10040969096044" lon="5.4022075255818445">
        <ele>713.0</ele>
      </trkpt>
      <trkpt lat="44.100490302052805" lon="5.402167025005104">
        <ele>714.0</ele>
      </trkpt>
      <trkpt lat="44.100575924840946" lon="5.402116269564954">
        <ele>714.0</ele>
      </trkpt>
      <trkpt lat="44.10065878273164" lon="5.402062743130913">
        <ele>714.0</ele>
      </trkpt>
      <trkpt lat="44.10074135634587" lon="5.402019715938107">
        <ele>714.0</ele>
      </trkpt>
      <trkpt lat="44.10083958551734" lon="5.401957788859094">
        <ele>714.0</ele>
      </trkpt>
      <trkpt lat="44.100946359245604" lon="5.4018949927757784">
        <ele>714.0</ele>
      </trkpt>
      <trkpt lat="44.10103230030533" lon="5.401832426452058">
        <ele>714.0</ele>
      </trkpt>
      <trkpt lat="44.10113903983456" lon="5.401770940539121">
        <ele>714.0</ele>
      </trkpt>
      <trkpt lat="44.10122368388925" lon="5.4017214471709805">
        <ele>714.0</ele>
      </trkpt>
      <trkpt lat="44.10124101775223" lon="5.40171052043063">
        <ele>714.0</ele>
      </trkpt>
      <trkpt lat="44.10135815655974" lon="5.401649570598073">
        <ele>715.0</ele>
      </trkpt>
      <trkpt lat="44.101550268661505" lon="5.401546508239555">
        <ele>715.0</ele>
      </trkpt>
      <trkpt lat="44.10172562686817" lon="5.401450464119762">
        <ele>715.0</ele>
      </trkpt>
      <trkpt lat="44.10190098500732" lon="5.401354419407981">
        <ele>715.0</ele>
      </trkpt>
      <trkpt lat="44.10209490274612" lon="5.401236998406231">
        <ele>715.0</ele>
      </trkpt>
      <trkpt lat="44.10228882037951" lon="5.401119576604131">
        <ele>715.0</ele>
      </trkpt>
      <trkpt lat="44.102437440953665" lon="5.401049741519109">
        <ele>715.0</ele>
      </trkpt>
      <trkpt lat="44.10248072174157" lon="5.4010243819313">
        <ele>715.0</ele>
      </trkpt>
      <trkpt lat="44.102543162190095" lon="5.400990818840633">
        <ele>715.0</ele>
      </trkpt>
      <trkpt lat="44.102625843251175" lon="5.400943856935983">
        <ele>716.0</ele>
      </trkpt>
      <trkpt lat="44.10277004916341" lon="5.400861965794254">
        <ele>716.0</ele>
      </trkpt>
      <trkpt lat="44.10291614931082" lon="5.400780169184029">
        <ele>716.0</ele>
      </trkpt>
      <trkpt lat="44.103001316642995" lon="5.400746470113444">
        <ele>717.0</ele>
      </trkpt>
      <trkpt lat="44.103057869413405" lon="5.400720485555732">
        <ele>717.0</ele>
      </trkpt>
      <trkpt lat="44.10307604509631" lon="5.400713544998037">
        <ele>717.0</ele>
      </trkpt>
      <trkpt lat="44.103136557059024" lon="5.40068119693643">
        <ele>717.0</ele>
      </trkpt>
      <trkpt lat="44.10314243926942" lon="5.400673617549055">
        <ele>717.0</ele>
      </trkpt>
      <trkpt lat="44.10322708292053" lon="5.400624120805872">
        <ele>717.0</ele>
      </trkpt>
      <trkpt lat="44.103303176568424" lon="5.4005754927125125">
        <ele>717.0</ele>
      </trkpt>
      <trkpt lat="44.10336207816085" lon="5.400532557038321">
        <ele>717.0</ele>
      </trkpt>
      <trkpt lat="44.103398674262266" lon="5.400509478781754">
        <ele>718.0</ele>
      </trkpt>
      <trkpt lat="44.1034485765235" lon="5.400484465276298">
        <ele>718.0</ele>
      </trkpt>
      <trkpt lat="44.10350366095229" lon="5.4004426429360395">
        <ele>718.0</ele>
      </trkpt>
      <trkpt lat="44.10351045886686" lon="5.400436421730771">
        <ele>718.0</ele>
      </trkpt>
      <trkpt lat="44.103606200900686" lon="5.400361225331226">
        <ele>719.0</ele>
      </trkpt>
      <trkpt lat="44.103704433908526" lon="5.400263820289921">
        <ele>719.0</ele>
      </trkpt>
      <trkpt lat="44.10380134070127" lon="5.400145320042687">
        <ele>719.0</ele>
      </trkpt>
      <trkpt lat="44.103906160295" lon="5.400014092025871">
        <ele>720.0</ele>
      </trkpt>
      <trkpt lat="44.103995676781445" lon="5.399888643532616">
        <ele>720.0</ele>
      </trkpt>
      <trkpt lat="44.104005341951925" lon="5.399881261049018">
        <ele>720.0</ele>
      </trkpt>
      <trkpt lat="44.10405791562622" lon="5.399792005282308">
        <ele>720.0</ele>
      </trkpt>
      <trkpt lat="44.10412726500908" lon="5.3996773345090165">
        <ele>720.0</ele>
      </trkpt>
      <trkpt lat="44.1042002157679" lon="5.399569421022086">
        <ele>720.0</ele>
      </trkpt>
      <trkpt lat="44.10428272907026" lon="5.3994580642335555">
        <ele>720.0</ele>
      </trkpt>
      <trkpt lat="44.10437150639353" lon="5.399360167667079">
        <ele>721.0</ele>
      </trkpt>
      <trkpt lat="44.10446231022412" lon="5.399292587870962">
        <ele>721.0</ele>
      </trkpt>
      <trkpt lat="44.10455966722128" lon="5.39922798352936">
        <ele>721.0</ele>
      </trkpt>
      <trkpt lat="44.104665279716016" lon="5.399172994634737">
        <ele>721.0</ele>
      </trkpt>
      <trkpt lat="44.104741936159336" lon="5.39913885068203">
        <ele>721.0</ele>
      </trkpt>
      <trkpt lat="44.10475331407763" lon="5.3991381234203875">
        <ele>721.0</ele>
      </trkpt>
      <trkpt lat="44.10478171294695" lon="5.399138279039404">
        <ele>721.0</ele>
      </trkpt>
      <trkpt lat="44.104859343691096" lon="5.399138344298814">
        <ele>721.0</ele>
      </trkpt>
      <trkpt lat="44.10493802660245" lon="5.39913452499773">
        <ele>721.0</ele>
      </trkpt>
      <trkpt lat="44.10502507800428" lon="5.3991363972284345">
        <ele>721.0</ele>
      </trkpt>
      <trkpt lat="44.10504783924216" lon="5.399134942924314">
        <ele>721.0</ele>
      </trkpt>
      <trkpt lat="44.10509678714358" lon="5.399145352776348">
        <ele>721.0</ele>
      </trkpt>
      <trkpt lat="44.10516160134908" lon="5.399164469742916">
        <ele>721.0</ele>
      </trkpt>
      <trkpt lat="44.10516440057841" lon="5.399165922458825">
        <ele>721.0</ele>
      </trkpt>
      <trkpt lat="44.10523005674166" lon="5.399189026439737">
        <ele>721.0</ele>
      </trkpt>
      <trkpt lat="44.10531419169854" lon="5.399228843228749">
        <ele>721.0</ele>
      </trkpt>
      <trkpt lat="44.10539692749966" lon="5.399285674149591">
        <ele>721.0</ele>
      </trkpt>
      <trkpt lat="44.10555529850488" lon="5.399381881398641">
        <ele>721.0</ele>
      </trkpt>
      <trkpt lat="44.1057182836086" lon="5.399482272813897">
        <ele>722.0</ele>
      </trkpt>
      <trkpt lat="44.10585438190827" lon="5.399561570579253">
        <ele>722.0</ele>
      </trkpt>
      <trkpt lat="44.105985474232135" lon="5.399651117403101">
        <ele>723.0</ele>
      </trkpt>
      <trkpt lat="44.10611088935021" lon="5.399740365132946">
        <ele>723.0</ele>
      </trkpt>
      <trkpt lat="44.106138828068616" lon="5.3997575823976804">
        <ele>724.0</ele>
      </trkpt>
      <trkpt lat="44.10626529530017" lon="5.39984294596457">
        <ele>724.0</ele>
      </trkpt>
      <trkpt lat="44.10632047852344" lon="5.399868128676901">
        <ele>725.0</ele>
      </trkpt>
      <trkpt lat="44.10641347677994" lon="5.399930748254525">
        <ele>726.0</ele>
      </trkpt>
      <trkpt lat="44.10651308596223" lon="5.399993706973374">
        <ele>727.0</ele>
      </trkpt>
      <trkpt lat="44.10660461141832" lon="5.400075955095518">
        <ele>728.0</ele>
      </trkpt>
      <trkpt lat="44.106692490276544" lon="5.400152763365607">
        <ele>728.0</ele>
      </trkpt>
      <trkpt lat="44.10677658606792" lon="5.400229374740037">
        <ele>729.0</ele>
      </trkpt>
      <trkpt lat="44.106868253405985" lon="5.4003063733540815">
        <ele>730.0</ele>
      </trkpt>
      <trkpt lat="44.10696369291627" lon="5.400383568904444">
        <ele>731.0</ele>
      </trkpt>
      <trkpt lat="44.107059666136536" lon="5.400441089310272">
        <ele>731.0</ele>
      </trkpt>
      <trkpt lat="44.10715637832807" lon="5.400471047453448">
        <ele>732.0</ele>
      </trkpt>
      <trkpt lat="44.107259774954635" lon="5.4004987308974775">
        <ele>732.0</ele>
      </trkpt>
      <trkpt lat="44.10733848744357" lon="5.400529076801481">
        <ele>733.0</ele>
      </trkpt>
      <trkpt lat="44.10742392421742" lon="5.400555822470009">
        <ele>734.0</ele>
      </trkpt>
      <trkpt lat="44.107509287178246" lon="5.400585197013947">
        <ele>734.0</ele>
      </trkpt>
      <trkpt lat="44.10758407997281" lon="5.400620596570512">
        <ele>735.0</ele>
      </trkpt>
      <trkpt lat="44.10766814610221" lon="5.400663046154079">
        <ele>735.0</ele>
      </trkpt>
      <trkpt lat="44.10775501666546" lon="5.400706956440226">
        <ele>735.0</ele>
      </trkpt>
      <trkpt lat="44.10783334260578" lon="5.400751735928088">
        <ele>736.0</ele>
      </trkpt>
      <trkpt lat="44.10789853852547" lon="5.4007918897006935">
        <ele>736.0</ele>
      </trkpt>
      <trkpt lat="44.10796422333654" lon="5.400813678172873">
        <ele>736.0</ele>
      </trkpt>
      <trkpt lat="44.108029355620204" lon="5.400820986477955">
        <ele>737.0</ele>
      </trkpt>
      <trkpt lat="44.10808552187852" lon="5.4008094402846">
        <ele>737.0</ele>
      </trkpt>
      <trkpt lat="44.10812785829695" lon="5.400784030632662">
        <ele>738.0</ele>
      </trkpt>
      <trkpt lat="44.10827181633282" lon="5.4005908272276875">
        <ele>739.0</ele>
      </trkpt>
      <trkpt lat="44.10841577403931" lon="5.400397622844995">
        <ele>740.0</ele>
      </trkpt>
      <trkpt lat="44.10855973141636" lon="5.400204417484576">
        <ele>741.0</ele>
      </trkpt>
      <trkpt lat="44.108703688464026" lon="5.40001121114643">
        <ele>742.0</ele>
      </trkpt>
      <trkpt lat="44.10884764518229" lon="5.399818003830549">
        <ele>743.0</ele>
      </trkpt>
      <trkpt lat="44.108991601571134" lon="5.399624795536928">
        <ele>744.0</ele>
      </trkpt>
      <trkpt lat="44.10913555763056" lon="5.399431586265563">
        <ele>745.0</ele>
      </trkpt>
      <trkpt lat="44.10929058928839" lon="5.399316252220773">
        <ele>746.0</ele>
      </trkpt>
      <trkpt lat="44.109445620837825" lon="5.399200917547419">
        <ele>748.0</ele>
      </trkpt>
      <trkpt lat="44.10960065227888" lon="5.399085582245497">
        <ele>749.0</ele>
      </trkpt>
      <trkpt lat="44.10975568361156" lon="5.398970246315001">
        <ele>750.0</ele>
      </trkpt>
      <trkpt lat="44.109934510705386" lon="5.398850698682126">
        <ele>751.0</ele>
      </trkpt>
      <trkpt lat="44.11011333768613" lon="5.398731150297712">
        <ele>752.0</ele>
      </trkpt>
      <trkpt lat="44.110292164553734" lon="5.398611601161755">
        <ele>754.0</ele>
      </trkpt>
      <trkpt lat="44.110470991308205" lon="5.398492051274248">
        <ele>755.0</ele>
      </trkpt>
      <trkpt lat="44.110649817949565" lon="5.398372500635183">
        <ele>756.0</ele>
      </trkpt>
      <trkpt lat="44.11082864447778" lon="5.398252949244554">
        <ele>757.0</ele>
      </trkpt>
      <trkpt lat="44.11100747089286" lon="5.398133397102355">
        <ele>758.0</ele>
      </trkpt>
      <trkpt lat="44.111188496254606" lon="5.3979563718706585">
        <ele>760.0</ele>
      </trkpt>
      <trkpt lat="44.1113695213481" lon="5.397779345512388">
        <ele>761.0</ele>
      </trkpt>
      <trkpt lat="44.11154091661677" lon="5.397653282068481">
        <ele>763.0</ele>
      </trkpt>
      <trkpt lat="44.11171231175632" lon="5.397527217864989">
        <ele>764.0</ele>
      </trkpt>
      <trkpt lat="44.11188178019709" lon="5.3974789382465405">
        <ele>766.0</ele>
      </trkpt>
      <trkpt lat="44.1120512486321" lon="5.397430658340453">
        <ele>767.0</ele>
      </trkpt>
      <trkpt lat="44.11222649310618" lon="5.397417247378002">
        <ele>768.0</ele>
      </trkpt>
      <trkpt lat="44.1124017375952" lon="5.397403836332926">
        <ele>769.0</ele>
      </trkpt>
      <trkpt lat="44.11257698209918" lon="5.39739042520523">
        <ele>770.0</ele>
      </trkpt>
      <trkpt lat="44.112782554999946" lon="5.397358909590956">
        <ele>771.0</ele>
      </trkpt>
      <trkpt lat="44.1129881279145" lon="5.397327393748917">
        <ele>773.0</ele>
      </trkpt>
      <trkpt lat="44.11319370084279" lon="5.39729587767911">
        <ele>774.0</ele>
      </trkpt>
      <trkpt lat="44.11339927378481" lon="5.39726436138153">
        <ele>775.0</ele>
      </trkpt>
      <trkpt lat="44.11361880597895" lon="5.39728313677218">
        <ele>777.0</ele>
      </trkpt>
      <trkpt lat="44.11383833819591" lon="5.397301912307738">
        <ele>778.0</ele>
      </trkpt>
      <trkpt lat="44.11397506357547" lon="5.3972536326615055">
        <ele>779.0</ele>
      </trkpt>
      <trkpt lat="44.11411178894385" lon="5.397205352783203">
        <ele>780.0</ele>
      </trkpt>
      <trkpt lat="44.11423695952583" lon="5.397132933299145">
        <ele>781.0</ele>
      </trkpt>
      <trkpt lat="44.11436213006839" lon="5.397060513496398">
        <ele>782.0</ele>
      </trkpt>
      <trkpt lat="44.11442760372603" lon="5.396910309791565">
        <ele>783.0</ele>
      </trkpt>
      <trkpt lat="44.11442760372603" lon="5.396722555160522">
        <ele>785.0</ele>
      </trkpt>
      <trkpt lat="44.11434158979077" lon="5.396461486026939">
        <ele>786.0</ele>
      </trkpt>
      <trkpt lat="44.11425557523768" lon="5.396200417682823">
        <ele>787.0</ele>
      </trkpt>
      <trkpt lat="44.11416956006669" lon="5.395939350128173">
        <ele>788.0</ele>
      </trkpt>
      <trkpt lat="44.11407038665146" lon="5.395723431173242">
        <ele>789.0</ele>
      </trkpt>
      <trkpt lat="44.11397121281617" lon="5.395507512971133">
        <ele>791.0</ele>
      </trkpt>
      <trkpt lat="44.11387203856082" lon="5.3952915955218455">
        <ele>792.0</ele>
      </trkpt>
      <trkpt lat="44.11377286388542" lon="5.3950756788253775">
        <ele>793.0</ele>
      </trkpt>
      <trkpt lat="44.113647692188934" lon="5.394914745930387">
        <ele>795.0</ele>
      </trkpt>
      <trkpt lat="44.11352252026462" lon="5.39475381374359">
        <ele>796.0</ele>
      </trkpt>
      <trkpt lat="44.11334406912789" lon="5.3946322195054135">
        <ele>797.0</ele>
      </trkpt>
      <trkpt lat="44.11316561787348" lon="5.394510626030076">
        <ele>798.0</ele>
      </trkpt>
      <trkpt lat="44.112987166501334" lon="5.394389033317565">
        <ele>799.0</ele>
      </trkpt>
      <trkpt lat="44.1128042195468" lon="5.3942844254840105">
        <ele>799.0</ele>
      </trkpt>
      <trkpt lat="44.112621272510495" lon="5.394179818323254">
        <ele>800.0</ele>
      </trkpt>
      <trkpt lat="44.11243832539239" lon="5.394075211835289">
        <ele>801.0</ele>
      </trkpt>
      <trkpt lat="44.11225537819254" lon="5.393970606020109">
        <ele>801.0</ele>
      </trkpt>
      <trkpt lat="44.11207243091089" lon="5.393866000877707">
        <ele>802.0</ele>
      </trkpt>
      <trkpt lat="44.11188948354749" lon="5.39376139640808">
        <ele>803.0</ele>
      </trkpt>
      <trkpt lat="44.11182785863692" lon="5.393627285957335">
        <ele>803.0</ele>
      </trkpt>
      <trkpt lat="44.111827858636914" lon="5.3934556245803815">
        <ele>804.0</ele>
      </trkpt>
      <trkpt lat="44.111910667153985" lon="5.393294692273739">
        <ele>805.0</ele>
      </trkpt>
      <trkpt lat="44.11199347543843" lon="5.393133759498596">
        <ele>806.0</ele>
      </trkpt>
      <trkpt lat="44.11210902176932" lon="5.392913818359374">
        <ele>808.0</ele>
      </trkpt>
      <trkpt lat="44.112147537162734" lon="5.392715334892272">
        <ele>809.0</ele>
      </trkpt>
      <trkpt lat="44.11204739708762" lon="5.39250612258911">
        <ele>810.0</ele>
      </trkpt>
      <trkpt lat="44.11188081687366" lon="5.392444431239861">
        <ele>811.0</ele>
      </trkpt>
      <trkpt lat="44.11171423663995" lon="5.392382740251884">
        <ele>813.0</ele>
      </trkpt>
      <trkpt lat="44.11154765638651" lon="5.3923210496251786">
        <ele>814.0</ele>
      </trkpt>
      <trkpt lat="44.11138107611334" lon="5.39225935935974">
        <ele>815.0</ele>
      </trkpt>
      <trkpt lat="44.11123599917011" lon="5.392162799342735">
        <ele>816.0</ele>
      </trkpt>
      <trkpt lat="44.11109092215318" lon="5.3920662398182015">
        <ele>817.0</ele>
      </trkpt>
      <trkpt lat="44.11094584506255" lon="5.391969680786132">
        <ele>818.0</ele>
      </trkpt>
      <trkpt lat="44.11074684403289" lon="5.391830204941621">
        <ele>819.0</ele>
      </trkpt>
      <trkpt lat="44.11054784284709" lon="5.39169073007285">
        <ele>820.0</ele>
      </trkpt>
      <trkpt lat="44.11034884150522" lon="5.391551256179809">
        <ele>821.0</ele>
      </trkpt>
      <trkpt lat="44.11018578762389" lon="5.3913974753148155">
        <ele>822.0</ele>
      </trkpt>
      <trkpt lat="44.11002273354117" lon="5.3912436953312985">
        <ele>823.0</ele>
      </trkpt>
      <trkpt lat="44.109859679257035" lon="5.391089916229247">
        <ele>824.0</ele>
      </trkpt>
      <trkpt lat="44.1097999781366" lon="5.390947759002285">
        <ele>825.0</ele>
      </trkpt>
      <trkpt lat="44.1097402768337" lon="5.39080560207367">
        <ele>825.0</ele>
      </trkpt>
      <trkpt lat="44.10973064772085" lon="5.390639305086599">
        <ele>826.0</ele>
      </trkpt>
      <trkpt lat="44.109721018355735" lon="5.390473008155821">
        <ele>827.0</ele>
      </trkpt>
      <trkpt lat="44.10976338742351" lon="5.3902494910708265">
        <ele>828.0</ele>
      </trkpt>
      <trkpt lat="44.109805756036366" lon="5.390025973652917">
        <ele>829.0</ele>
      </trkpt>
      <trkpt lat="44.10984812419434" lon="5.389802455902099">
        <ele>829.0</ele>
      </trkpt>
      <trkpt lat="44.1099501939205" lon="5.389606654995295">
        <ele>830.0</ele>
      </trkpt>
      <trkpt lat="44.110052263302485" lon="5.389410853385925">
        <ele>830.0</ele>
      </trkpt>
      <trkpt lat="44.11020247838617" lon="5.389223099250619">
        <ele>831.0</ele>
      </trkpt>
      <trkpt lat="44.11035269316042" lon="5.389035344123839">
        <ele>831.0</ele>
      </trkpt>
      <trkpt lat="44.11051638810912" lon="5.38891196286416">
        <ele>832.0</ele>
      </trkpt>
      <trkpt lat="44.11068008293339" lon="5.388788580894468">
        <ele>833.0</ele>
      </trkpt>
      <trkpt lat="44.11088807004247" lon="5.388756394621628">
        <ele>834.0</ele>
      </trkpt>
      <trkpt lat="44.11109605716547" lon="5.388724208113452">
        <ele>834.0</ele>
      </trkpt>
      <trkpt lat="44.11130404430238" lon="5.388692021369934">
        <ele>835.0</ele>
      </trkpt>
      <trkpt lat="44.111508177291725" lon="5.388701409000433">
        <ele>836.0</ele>
      </trkpt>
      <trkpt lat="44.11171231030278" lon="5.388710796698299">
        <ele>837.0</ele>
      </trkpt>
      <trkpt lat="44.11191644333549" lon="5.388720184463535">
        <ele>838.0</ele>
      </trkpt>
      <trkpt lat="44.112120576389955" lon="5.388729572296142">
        <ele>839.0</ele>
      </trkpt>
      <trkpt lat="44.11223612235694" lon="5.388713479074739">
        <ele>840.0</ele>
      </trkpt>
      <trkpt lat="44.11235166832879" lon="5.388697385787963">
        <ele>840.0</ele>
      </trkpt>
      <trkpt lat="44.11250765467166" lon="5.388737618812872">
        <ele>841.0</ele>
      </trkpt>
      <trkpt lat="44.11266364101287" lon="5.38877785205841">
        <ele>842.0</ele>
      </trkpt>
      <trkpt lat="44.112811281643275" lon="5.388922690593438">
        <ele>843.0</ele>
      </trkpt>
      <trkpt lat="44.112958922094016" lon="5.38906752988024">
        <ele>843.0</ele>
      </trkpt>
      <trkpt lat="44.11310656236511" lon="5.389212369918821">
        <ele>844.0</ele>
      </trkpt>
      <trkpt lat="44.113218254964856" lon="5.38928210721629">
        <ele>845.0</ele>
      </trkpt>
      <trkpt lat="44.113329947526935" lon="5.389351844787598">
        <ele>845.0</ele>
      </trkpt>
      <trkpt lat="44.1135032630191" lon="5.389351844787598">
        <ele>846.0</ele>
      </trkpt>
      <trkpt lat="44.113630360598464" lon="5.389292836321103">
        <ele>846.0</ele>
      </trkpt>
      <trkpt lat="44.11375745815478" lon="5.389233827590941">
        <ele>846.0</ele>
      </trkpt>
      <trkpt lat="44.11394040073044" lon="5.389105081972248">
        <ele>847.0</ele>
      </trkpt>
      <trkpt lat="44.11412334317292" lon="5.388976335525512">
        <ele>847.0</ele>
      </trkpt>
      <trkpt lat="44.11426199360193" lon="5.388903916058615">
        <ele>847.0</ele>
      </trkpt>
      <trkpt lat="44.11440064399344" lon="5.3888314962387085">
        <ele>847.0</ele>
      </trkpt>
      <trkpt lat="44.11458165910486" lon="5.388847589492797">
        <ele>848.0</ele>
      </trkpt>
      <trkpt lat="44.114686942442646" lon="5.388917794616479">
        <ele>848.0</ele>
      </trkpt>
      <trkpt lat="44.11479222574141" lon="5.388988000000019">
        <ele>849.0</ele>
      </trkpt>
      <trkpt lat="44.114947539020086" lon="5.388997793197631">
        <ele>850.0</ele>
      </trkpt>
      <trkpt lat="44.1151015930435" lon="5.388970971107482">
        <ele>851.0</ele>
      </trkpt>
      <trkpt lat="44.11519980223213" lon="5.388874411749644">
        <ele>851.0</ele>
      </trkpt>
      <trkpt lat="44.11529801134089" lon="5.388777852058411">
        <ele>852.0</ele>
      </trkpt>
      <trkpt lat="44.115376963689805" lon="5.388606190919701">
        <ele>852.0</ele>
      </trkpt>
      <trkpt lat="44.115455915773246" lon="5.3884345293045035">
        <ele>853.0</ele>
      </trkpt>
      <trkpt lat="44.11555605029695" lon="5.388225317737866">
        <ele>853.0</ele>
      </trkpt>
      <trkpt lat="44.11565618442671" lon="5.388016105434703">
        <ele>854.0</ele>
      </trkpt>
      <trkpt lat="44.11575631816255" lon="5.387806892395019">
        <ele>854.0</ele>
      </trkpt>
      <trkpt lat="44.11587185710523" lon="5.387670100013089">
        <ele>855.0</ele>
      </trkpt>
      <trkpt lat="44.115987395884396" lon="5.3875333070755">
        <ele>856.0</ele>
      </trkpt>
      <trkpt lat="44.11610100868117" lon="5.387455523169416">
        <ele>857.0</ele>
      </trkpt>
      <trkpt lat="44.1162146214297" lon="5.387377738952636">
        <ele>858.0</ele>
      </trkpt>
      <trkpt lat="44.11641296080086" lon="5.3872650873523344">
        <ele>859.0</ele>
      </trkpt>
      <trkpt lat="44.11661130007745" lon="5.387152434966489">
        <ele>860.0</ele>
      </trkpt>
      <trkpt lat="44.116809639259436" lon="5.3870397817950915">
        <ele>861.0</ele>
      </trkpt>
      <trkpt lat="44.11700797834682" lon="5.386927127838134">
        <ele>863.0</ele>
      </trkpt>
      <trkpt lat="44.11701352577859" lon="5.386922201835043">
        <ele>864.0</ele>
      </trkpt>
      <trkpt lat="44.11716202687686" lon="5.386790335548816">
        <ele>865.0</ele>
      </trkpt>
      <trkpt lat="44.11731607524894" lon="5.386653542518616">
        <ele>866.0</ele>
      </trkpt>
      <trkpt lat="44.11748552770185" lon="5.38651138586429">
        <ele>867.0</ele>
      </trkpt>
      <trkpt lat="44.11765497998586" lon="5.386369228363036">
        <ele>868.0</ele>
      </trkpt>
      <trkpt lat="44.117728152344334" lon="5.386245846748351">
        <ele>869.0</ele>
      </trkpt>
      <trkpt lat="44.1177204499951" lon="5.386009812355041">
        <ele>870.0</ele>
      </trkpt>
      <trkpt lat="44.117602347178725" lon="5.385847090999132">
        <ele>871.0</ele>
      </trkpt>
      <trkpt lat="44.11748424412829" lon="5.385684370318897">
        <ele>872.0</ele>
      </trkpt>
      <trkpt lat="44.11736614084381" lon="5.38552165031433">
        <ele>873.0</ele>
      </trkpt>
      <trkpt lat="44.1172968197947" lon="5.385257005046526">
        <ele>874.0</ele>
      </trkpt>
      <trkpt lat="44.11722749810921" lon="5.384992360423722">
        <ele>875.0</ele>
      </trkpt>
      <trkpt lat="44.1171581757873" lon="5.384727716445924">
        <ele>876.0</ele>
      </trkpt>
      <trkpt lat="44.117165878209825" lon="5.384432673454284">
        <ele>877.0</ele>
      </trkpt>
      <trkpt lat="44.11720053919504" lon="5.384279787633589">
        <ele>878.0</ele>
      </trkpt>
      <trkpt lat="44.117235199967666" lon="5.384126901626585">
        <ele>879.0</ele>
      </trkpt>
      <trkpt lat="44.11733918248772" lon="5.38395792276753">
        <ele>880.0</ele>
      </trkpt>
      <trkpt lat="44.11744316475309" lon="5.38378894329071">
        <ele>881.0</ele>
      </trkpt>
      <trkpt lat="44.11761340066085" lon="5.383614209036795">
        <ele>882.0</ele>
      </trkpt>
      <trkpt lat="44.11778363630565" lon="5.383439473737048">
        <ele>883.0</ele>
      </trkpt>
      <trkpt lat="44.11795387168749" lon="5.38326473739146">
        <ele>885.0</ele>
      </trkpt>
      <trkpt lat="44.11812410680638" lon="5.383090000000027">
        <ele>886.0</ele>
      </trkpt>
      <trkpt lat="44.11829566111022" lon="5.382914709132213">
        <ele>888.0</ele>
      </trkpt>
      <trkpt lat="44.118467215149586" lon="5.382739417207099">
        <ele>889.0</ele>
      </trkpt>
      <trkpt lat="44.11863876892444" lon="5.382564124224676">
        <ele>890.0</ele>
      </trkpt>
      <trkpt lat="44.11881032243479" lon="5.382388830184935">
        <ele>891.0</ele>
      </trkpt>
      <trkpt lat="44.11890274888312" lon="5.382238626724156">
        <ele>892.0</ele>
      </trkpt>
      <trkpt lat="44.11899517513021" lon="5.382088422775267">
        <ele>893.0</ele>
      </trkpt>
      <trkpt lat="44.119065779097355" lon="5.381802321190559">
        <ele>894.0</ele>
      </trkpt>
      <trkpt lat="44.11913638232043" lon="5.381516218895636">
        <ele>896.0</ele>
      </trkpt>
      <trkpt lat="44.11920698479938" lon="5.381230115890501">
        <ele>897.0</ele>
      </trkpt>
      <trkpt lat="44.11933021942666" lon="5.381021978274626">
        <ele>898.0</ele>
      </trkpt>
      <trkpt lat="44.11945345366688" lon="5.380813839756914">
        <ele>899.0</ele>
      </trkpt>
      <trkpt lat="44.11957668752003" lon="5.380605700337362">
        <ele>900.0</ele>
      </trkpt>
      <trkpt lat="44.119699920986115" lon="5.380397560015965">
        <ele>901.0</ele>
      </trkpt>
      <trkpt lat="44.119823154065145" lon="5.380189418792723">
        <ele>903.0</ele>
      </trkpt>
      <trkpt lat="44.119967567814776" lon="5.379988254648758">
        <ele>904.0</ele>
      </trkpt>
      <trkpt lat="44.12011198120643" lon="5.379787089483361">
        <ele>905.0</ele>
      </trkpt>
      <trkpt lat="44.12025639424011" lon="5.379585923296529">
        <ele>906.0</ele>
      </trkpt>
      <trkpt lat="44.12040080691583" lon="5.379384756088256">
        <ele>907.0</ele>
      </trkpt>
      <trkpt lat="44.1205635113097" lon="5.379183592138363">
        <ele>909.0</ele>
      </trkpt>
      <trkpt lat="44.12072621534859" lon="5.378982427037658">
        <ele>910.0</ele>
      </trkpt>
      <trkpt lat="44.120888919032566" lon="5.378781260786137">
        <ele>911.0</ele>
      </trkpt>
      <trkpt lat="44.12105162236155" lon="5.378580093383789">
        <ele>913.0</ele>
      </trkpt>
      <trkpt lat="44.12112479086148" lon="5.378360152810398">
        <ele>914.0</ele>
      </trkpt>
      <trkpt lat="44.12119795892297" lon="5.378140211671177">
        <ele>915.0</ele>
      </trkpt>
      <trkpt lat="44.121271126546034" lon="5.377920269966124">
        <ele>916.0</ele>
      </trkpt>
      <trkpt lat="44.121332682231426" lon="5.3776775125285665">
        <ele>916.0</ele>
      </trkpt>
      <trkpt lat="44.12139423738122" lon="5.3774347545655985">
        <ele>917.0</ele>
      </trkpt>
      <trkpt lat="44.121455791995444" lon="5.377191996077221">
        <ele>918.0</ele>
      </trkpt>
      <trkpt lat="44.12148425055153" lon="5.377083054387062">
        <ele>919.0</ele>
      </trkpt>
      <trkpt lat="44.1215107492974" lon="5.376941165241287">
        <ele>920.0</ele>
      </trkpt>
      <trkpt lat="44.121562805567685" lon="5.376763781214443">
        <ele>921.0</ele>
      </trkpt>
      <trkpt lat="44.12159399525053" lon="5.376658928328661">
        <ele>921.0</ele>
      </trkpt>
      <trkpt lat="44.121617801853574" lon="5.376582604692629">
        <ele>922.0</ele>
      </trkpt>
      <trkpt lat="44.12169290032652" lon="5.37639326027954">
        <ele>923.0</ele>
      </trkpt>
      <trkpt lat="44.12176904443803" lon="5.3762000290067276">
        <ele>923.0</ele>
      </trkpt>
      <trkpt lat="44.12183003370197" lon="5.376078300319334">
        <ele>924.0</ele>
      </trkpt>
      <trkpt lat="44.12186007296734" lon="5.3760167568401815">
        <ele>924.0</ele>
      </trkpt>
      <trkpt lat="44.12189797805675" lon="5.375940781415872">
        <ele>925.0</ele>
      </trkpt>
      <trkpt lat="44.12189907391704" lon="5.375938584914912">
        <ele>926.0</ele>
      </trkpt>
      <trkpt lat="44.1219610750156" lon="5.375814280402509">
        <ele>926.0</ele>
      </trkpt>
      <trkpt lat="44.12206352000128" lon="5.375628963924088">
        <ele>927.0</ele>
      </trkpt>
      <trkpt lat="44.12218073705824" lon="5.37545754670953">
        <ele>928.0</ele>
      </trkpt>
      <trkpt lat="44.12230429404275" lon="5.375296968908714">
        <ele>929.0</ele>
      </trkpt>
      <trkpt lat="44.12242935846434" lon="5.3751154377852295">
        <ele>930.0</ele>
      </trkpt>
      <trkpt lat="44.12243912908121" lon="5.37510410805692">
        <ele>931.0</ele>
      </trkpt>
      <trkpt lat="44.12257787675683" lon="5.374906197055767">
        <ele>932.0</ele>
      </trkpt>
      <trkpt lat="44.122734803872895" lon="5.374701326552796">
        <ele>933.0</ele>
      </trkpt>
      <trkpt lat="44.12282480288" lon="5.374592251103831">
        <ele>933.0</ele>
      </trkpt>
      <trkpt lat="44.12291480178291" lon="5.3744831753096936">
        <ele>934.0</ele>
      </trkpt>
      <trkpt lat="44.12307137351847" lon="5.3742914281378535">
        <ele>935.0</ele>
      </trkpt>
      <trkpt lat="44.12317896805866" lon="5.374161567689073">
        <ele>936.0</ele>
      </trkpt>
      <trkpt lat="44.12323456666138" lon="5.374100023881209">
        <ele>937.0</ele>
      </trkpt>
      <trkpt lat="44.12327259187383" lon="5.374058597150186">
        <ele>937.0</ele>
      </trkpt>
      <trkpt lat="44.123365057498916" lon="5.373963445772902">
        <ele>938.0</ele>
      </trkpt>
      <trkpt lat="44.12347608020093" lon="5.3738469052763085">
        <ele>939.0</ele>
      </trkpt>
      <trkpt lat="44.123607103682296" lon="5.3737261290232405">
        <ele>940.0</ele>
      </trkpt>
      <trkpt lat="44.12373612574407" lon="5.37360919887315">
        <ele>941.0</ele>
      </trkpt>
      <trkpt lat="44.12387652571719" lon="5.373491528062505">
        <ele>941.0</ele>
      </trkpt>
      <trkpt lat="44.12402508696704" lon="5.373387428062268">
        <ele>942.0</ele>
      </trkpt>
      <trkpt lat="44.124167734111815" lon="5.373292216212624">
        <ele>943.0</ele>
      </trkpt>
      <trkpt lat="44.12431087500618" lon="5.373214118036008">
        <ele>944.0</ele>
      </trkpt>
      <trkpt lat="44.1244470450351" lon="5.373148801861941">
        <ele>945.0</ele>
      </trkpt>
      <trkpt lat="44.12459607023885" lon="5.373098610343667">
        <ele>946.0</ele>
      </trkpt>
      <trkpt lat="44.124724886378985" lon="5.373060521035276">
        <ele>947.0</ele>
      </trkpt>
      <trkpt lat="44.12486831148196" lon="5.373042895144016">
        <ele>948.0</ele>
      </trkpt>
      <trkpt lat="44.125004102797014" lon="5.373027500761265">
        <ele>949.0</ele>
      </trkpt>
      <trkpt lat="44.12517490967882" lon="5.373012592565712">
        <ele>949.0</ele>
      </trkpt>
      <trkpt lat="44.12536802170136" lon="5.373013286321637">
        <ele>950.0</ele>
      </trkpt>
      <trkpt lat="44.125498668657904" lon="5.3730134058221335">
        <ele>951.0</ele>
      </trkpt>
      <trkpt lat="44.12562931562363" lon="5.373013525323178">
        <ele>952.0</ele>
      </trkpt>
      <trkpt lat="44.12576092126419" lon="5.373013036028054">
        <ele>953.0</ele>
      </trkpt>
      <trkpt lat="44.12589252691404" lon="5.373012546730664">
        <ele>954.0</ele>
      </trkpt>
      <trkpt lat="44.12602459060841" lon="5.373012736606874">
        <ele>955.0</ele>
      </trkpt>
      <trkpt lat="44.12615665431211" lon="5.373012926483967">
        <ele>956.0</ele>
      </trkpt>
      <trkpt lat="44.12635537088749" lon="5.373016531912296">
        <ele>957.0</ele>
      </trkpt>
      <trkpt lat="44.12636104292846" lon="5.373016821138824">
        <ele>957.0</ele>
      </trkpt>
      <trkpt lat="44.126522646512896" lon="5.373027728565257">
        <ele>958.0</ele>
      </trkpt>
      <trkpt lat="44.12668865700917" lon="5.373050693695608">
        <ele>959.0</ele>
      </trkpt>
      <trkpt lat="44.1268344016415" lon="5.373088384778497">
        <ele>960.0</ele>
      </trkpt>
      <trkpt lat="44.1269838170324" lon="5.373130212191091">
        <ele>960.0</ele>
      </trkpt>
      <trkpt lat="44.12712731823854" lon="5.373180936485993">
        <ele>961.0</ele>
      </trkpt>
      <trkpt lat="44.12727369203143" lon="5.373230490791199">
        <ele>962.0</ele>
      </trkpt>
      <trkpt lat="44.12744240472332" lon="5.3732943368308215">
        <ele>963.0</ele>
      </trkpt>
      <trkpt lat="44.12763780226628" lon="5.373351668710679">
        <ele>964.0</ele>
      </trkpt>
      <trkpt lat="44.12782738732116" lon="5.373413948992857">
        <ele>965.0</ele>
      </trkpt>
      <trkpt lat="44.12799000712856" lon="5.373457769374741">
        <ele>966.0</ele>
      </trkpt>
      <trkpt lat="44.1281689069641" lon="5.37349453611483">
        <ele>968.0</ele>
      </trkpt>
      <trkpt lat="44.12832364118175" lon="5.373514294682077">
        <ele>969.0</ele>
      </trkpt>
      <trkpt lat="44.12850145732055" lon="5.373520772502993">
        <ele>970.0</ele>
      </trkpt>
      <trkpt lat="44.128642537921394" lon="5.373520113555577">
        <ele>971.0</ele>
      </trkpt>
      <trkpt lat="44.12867282612802" lon="5.373520350304334">
        <ele>972.0</ele>
      </trkpt>
      <trkpt lat="44.128880363574005" lon="5.373512579226519">
        <ele>973.0</ele>
      </trkpt>
      <trkpt lat="44.129103202812935" lon="5.373499018436003">
        <ele>974.0</ele>
      </trkpt>
      <trkpt lat="44.129311443790805" lon="5.373465000176964">
        <ele>975.0</ele>
      </trkpt>
      <trkpt lat="44.12945160448209" lon="5.373427487106798">
        <ele>976.0</ele>
      </trkpt>
      <trkpt lat="44.12957531188857" lon="5.373368103780676">
        <ele>977.0</ele>
      </trkpt>
      <trkpt lat="44.129698108600394" lon="5.373307361977295">
        <ele>977.0</ele>
      </trkpt>
      <trkpt lat="44.1297747526157" lon="5.373273167909112">
        <ele>978.0</ele>
      </trkpt>
      <trkpt lat="44.12981600331838" lon="5.373252933824762">
        <ele>978.0</ele>
      </trkpt>
      <trkpt lat="44.12988526501463" lon="5.373247281051683">
        <ele>978.0</ele>
      </trkpt>
      <trkpt lat="44.12988998719854" lon="5.37324752316923">
        <ele>978.0</ele>
      </trkpt>
      <trkpt lat="44.12994040758581" lon="5.373202782799687">
        <ele>979.0</ele>
      </trkpt>
      <trkpt lat="44.12996243265712" lon="5.373193395488868">
        <ele>979.0</ele>
      </trkpt>
      <trkpt lat="44.13002752420383" lon="5.373166497665217">
        <ele>979.0</ele>
      </trkpt>
      <trkpt lat="44.13012013816176" lon="5.373137072956519">
        <ele>980.0</ele>
      </trkpt>
      <trkpt lat="44.13021443288089" lon="5.373115609604589">
        <ele>980.0</ele>
      </trkpt>
      <trkpt lat="44.1303138812683" lon="5.373114134579553">
        <ele>981.0</ele>
      </trkpt>
      <trkpt lat="44.13041378446525" lon="5.373131079125986">
        <ele>982.0</ele>
      </trkpt>
      <trkpt lat="44.13051435064136" lon="5.373158575692625">
        <ele>983.0</ele>
      </trkpt>
      <trkpt lat="44.130641500330846" lon="5.373183491338921">
        <ele>984.0</ele>
      </trkpt>
      <trkpt lat="44.13077049976752" lon="5.3732098120389455">
        <ele>985.0</ele>
      </trkpt>
      <trkpt lat="44.13091907774818" lon="5.3732476620003276">
        <ele>985.0</ele>
      </trkpt>
      <trkpt lat="44.13102066154832" lon="5.373272576026299">
        <ele>986.0</ele>
      </trkpt>
      <trkpt lat="44.13105714945809" lon="5.37328890678568">
        <ele>987.0</ele>
      </trkpt>
      <trkpt lat="44.1311209516117" lon="5.373310578510369">
        <ele>988.0</ele>
      </trkpt>
      <trkpt lat="44.13133420729187" lon="5.373408259419938">
        <ele>988.0</ele>
      </trkpt>
      <trkpt lat="44.13144511216873" lon="5.373474404392088">
        <ele>989.0</ele>
      </trkpt>
      <trkpt lat="44.13155601701225" lon="5.373540549622213">
        <ele>990.0</ele>
      </trkpt>
      <trkpt lat="44.131688679695586" lon="5.373607153393239">
        <ele>991.0</ele>
      </trkpt>
      <trkpt lat="44.131821342347834" lon="5.3736737574749975">
        <ele>992.0</ele>
      </trkpt>
      <trkpt lat="44.131955252412226" lon="5.373747000237409">
        <ele>993.0</ele>
      </trkpt>
      <trkpt lat="44.13208916243728" lon="5.373820243344742">
        <ele>994.0</ele>
      </trkpt>
      <trkpt lat="44.13222226333695" lon="5.373888186959839">
        <ele>995.0</ele>
      </trkpt>
      <trkpt lat="44.13235536420398" lon="5.373956130892967">
        <ele>996.0</ele>
      </trkpt>
      <trkpt lat="44.13246745818901" lon="5.374013138406125">
        <ele>997.0</ele>
      </trkpt>
      <trkpt lat="44.132579552151086" lon="5.374070146144012">
        <ele>997.0</ele>
      </trkpt>
      <trkpt lat="44.13278825433742" lon="5.374161025885155">
        <ele>999.0</ele>
      </trkpt>
      <trkpt lat="44.132992510482445" lon="5.374241158364233">
        <ele>999.0</ele>
      </trkpt>
      <trkpt lat="44.13320146020602" lon="5.374322852733645">
        <ele>1000.0</ele>
      </trkpt>
      <trkpt lat="44.13339590810656" lon="5.3743801392865835">
        <ele>1001.0</ele>
      </trkpt>
      <trkpt lat="44.13358934390272" lon="5.374440002048803">
        <ele>1002.0</ele>
      </trkpt>
      <trkpt lat="44.1337236322428" lon="5.374481056152133">
        <ele>1002.0</ele>
      </trkpt>
      <trkpt lat="44.133819577505555" lon="5.374504380304091">
        <ele>1003.0</ele>
      </trkpt>
      <trkpt lat="44.133908660429135" lon="5.374501056851839">
        <ele>1003.0</ele>
      </trkpt>
      <trkpt lat="44.133982751368585" lon="5.374491713481547">
        <ele>1004.0</ele>
      </trkpt>
      <trkpt lat="44.134056881682994" lon="5.3744810514241514">
        <ele>1004.0</ele>
      </trkpt>
      <trkpt lat="44.13414364967321" lon="5.374457894113054">
        <ele>1004.0</ele>
      </trkpt>
      <trkpt lat="44.13424862595865" lon="5.3744264650755715">
        <ele>1005.0</ele>
      </trkpt>
      <trkpt lat="44.13434659726233" lon="5.374409139283468">
        <ele>1005.0</ele>
      </trkpt>
      <trkpt lat="44.13448802378135" lon="5.374359862717995">
        <ele>1006.0</ele>
      </trkpt>
      <trkpt lat="44.13459219099197" lon="5.374323133245021">
        <ele>1007.0</ele>
      </trkpt>
      <trkpt lat="44.13475522047112" lon="5.374280219793174">
        <ele>1008.0</ele>
      </trkpt>
      <trkpt lat="44.13486772377388" lon="5.374250492280301">
        <ele>1010.0</ele>
      </trkpt>
      <trkpt lat="44.134980227075324" lon="5.374220764649806">
        <ele>1011.0</ele>
      </trkpt>
      <trkpt lat="44.135195342759765" lon="5.374159489373976">
        <ele>1012.0</ele>
      </trkpt>
      <trkpt lat="44.13541045843463" lon="5.374098213634568">
        <ele>1013.0</ele>
      </trkpt>
      <trkpt lat="44.13542765462933" lon="5.374092517606437">
        <ele>1014.0</ele>
      </trkpt>
      <trkpt lat="44.13545989564059" lon="5.374054733933891">
        <ele>1015.0</ele>
      </trkpt>
      <trkpt lat="44.13555314862114" lon="5.37407265677255">
        <ele>1016.0</ele>
      </trkpt>
      <trkpt lat="44.13575970471858" lon="5.374030659283475">
        <ele>1017.0</ele>
      </trkpt>
      <trkpt lat="44.135848153071976" lon="5.374015477850079">
        <ele>1017.0</ele>
      </trkpt>
      <trkpt lat="44.13587098196632" lon="5.374011389832203">
        <ele>1018.0</ele>
      </trkpt>
      <trkpt lat="44.135877637710315" lon="5.37401041493852">
        <ele>1018.0</ele>
      </trkpt>
      <trkpt lat="44.135888105148986" lon="5.37400831637779">
        <ele>1018.0</ele>
      </trkpt>
      <trkpt lat="44.13599367652613" lon="5.3739900689049644">
        <ele>1019.0</ele>
      </trkpt>
      <trkpt lat="44.136126261931196" lon="5.37397057129162">
        <ele>1019.0</ele>
      </trkpt>
      <trkpt lat="44.13625884734216" lon="5.3739510735873575">
        <ele>1020.0</ele>
      </trkpt>
      <trkpt lat="44.13634158999551" lon="5.373936906478923">
        <ele>1020.0</ele>
      </trkpt>
      <trkpt lat="44.13636606547224" lon="5.373942107169625">
        <ele>1021.0</ele>
      </trkpt>
      <trkpt lat="44.13640825699824" lon="5.373886425785262">
        <ele>1021.0</ele>
      </trkpt>
      <trkpt lat="44.13642261044538" lon="5.373845096156007">
        <ele>1022.0</ele>
      </trkpt>
      <trkpt lat="44.136436120980505" lon="5.373799777725799">
        <ele>1022.0</ele>
      </trkpt>
      <trkpt lat="44.13644343188337" lon="5.373738363564595">
        <ele>1023.0</ele>
      </trkpt>
      <trkpt lat="44.136448960613876" lon="5.373672921391979">
        <ele>1023.0</ele>
      </trkpt>
      <trkpt lat="44.13644149315972" lon="5.373597611529292">
        <ele>1024.0</ele>
      </trkpt>
      <trkpt lat="44.13642706030353" lon="5.373535079457604">
        <ele>1024.0</ele>
      </trkpt>
      <trkpt lat="44.136400860983436" lon="5.373487727956008">
        <ele>1025.0</ele>
      </trkpt>
      <trkpt lat="44.13636286697945" lon="5.373456861210039">
        <ele>1026.0</ele>
      </trkpt>
      <trkpt lat="44.13631261815494" lon="5.373424057490567">
        <ele>1026.0</ele>
      </trkpt>
      <trkpt lat="44.13625116070463" lon="5.373385414432173">
        <ele>1027.0</ele>
      </trkpt>
      <trkpt lat="44.13616711652249" lon="5.37334167239695">
        <ele>1027.0</ele>
      </trkpt>
      <trkpt lat="44.13607284721178" lon="5.373290834341537">
        <ele>1028.0</ele>
      </trkpt>
      <trkpt lat="44.135964676592316" lon="5.373228763306677">
        <ele>1028.0</ele>
      </trkpt>
      <trkpt lat="44.135903292076726" lon="5.37318749804793">
        <ele>1028.0</ele>
      </trkpt>
      <trkpt lat="44.13589401142794" lon="5.373180448869208">
        <ele>1029.0</ele>
      </trkpt>
      <trkpt lat="44.13583444285003" lon="5.373141900214099">
        <ele>1029.0</ele>
      </trkpt>
      <trkpt lat="44.13576878117684" lon="5.373083329612121">
        <ele>1030.0</ele>
      </trkpt>
      <trkpt lat="44.13574107995367" lon="5.373056929182312">
        <ele>1030.0</ele>
      </trkpt>
      <trkpt lat="44.13570413709736" lon="5.373022175937067">
        <ele>1031.0</ele>
      </trkpt>
      <trkpt lat="44.13563689645409" lon="5.372951686622773">
        <ele>1032.0</ele>
      </trkpt>
      <trkpt lat="44.13555333766622" lon="5.372854072042312">
        <ele>1032.0</ele>
      </trkpt>
      <trkpt lat="44.135446630413966" lon="5.372736871837158">
        <ele>1033.0</ele>
      </trkpt>
      <trkpt lat="44.135424572625645" lon="5.372712080114038">
        <ele>1034.0</ele>
      </trkpt>
      <trkpt lat="44.1353245493504" lon="5.3725925937418335">
        <ele>1034.0</ele>
      </trkpt>
      <trkpt lat="44.13516961816557" lon="5.372401934084884">
        <ele>1035.0</ele>
      </trkpt>
      <trkpt lat="44.13511639083708" lon="5.372338737623384">
        <ele>1035.0</ele>
      </trkpt>
      <trkpt lat="44.13506595754413" lon="5.372277000706143">
        <ele>1035.0</ele>
      </trkpt>
      <trkpt lat="44.13503664843723" lon="5.372240008788829">
        <ele>1036.0</ele>
      </trkpt>
      <trkpt lat="44.135016507873445" lon="5.372213999618639">
        <ele>1036.0</ele>
      </trkpt>
      <trkpt lat="44.13490114944047" lon="5.37206612580455">
        <ele>1036.0</ele>
      </trkpt>
      <trkpt lat="44.13475108565776" lon="5.37187045833789">
        <ele>1036.0</ele>
      </trkpt>
      <trkpt lat="44.13461660352421" lon="5.3716940014196215">
        <ele>1037.0</ele>
      </trkpt>
      <trkpt lat="44.13454112786329" lon="5.371577087960624">
        <ele>1037.0</ele>
      </trkpt>
      <trkpt lat="44.13447455033261" lon="5.371481656028906">
        <ele>1037.0</ele>
      </trkpt>
      <trkpt lat="44.134419074547075" lon="5.3713960046143985">
        <ele>1037.0</ele>
      </trkpt>
      <trkpt lat="44.13437273896081" lon="5.371322647435297">
        <ele>1038.0</ele>
      </trkpt>
      <trkpt lat="44.13434457760951" lon="5.371242329087949">
        <ele>1038.0</ele>
      </trkpt>
      <trkpt lat="44.13432867071501" lon="5.371163962269465">
        <ele>1038.0</ele>
      </trkpt>
      <trkpt lat="44.13433121393349" lon="5.3710681281787656">
        <ele>1039.0</ele>
      </trkpt>
      <trkpt lat="44.13433785995103" lon="5.370996170789418">
        <ele>1039.0</ele>
      </trkpt>
      <trkpt lat="44.13435746312499" lon="5.370935391262952">
        <ele>1039.0</ele>
      </trkpt>
      <trkpt lat="44.1343928180604" lon="5.370851758011815">
        <ele>1040.0</ele>
      </trkpt>
      <trkpt lat="44.13443924120762" lon="5.370779208742488">
        <ele>1040.0</ele>
      </trkpt>
      <trkpt lat="44.134491898289866" lon="5.370721435279011">
        <ele>1040.0</ele>
      </trkpt>
      <trkpt lat="44.13454980569331" lon="5.3706797019393955">
        <ele>1041.0</ele>
      </trkpt>
      <trkpt lat="44.13462704519677" lon="5.370623185880377">
        <ele>1041.0</ele>
      </trkpt>
      <trkpt lat="44.13472837274741" lon="5.370550817487346">
        <ele>1042.0</ele>
      </trkpt>
      <trkpt lat="44.13485064022204" lon="5.370474258211472">
        <ele>1042.0</ele>
      </trkpt>
      <trkpt lat="44.13487966419275" lon="5.370450764830582">
        <ele>1043.0</ele>
      </trkpt>
      <trkpt lat="44.13492224132213" lon="5.370416141147965">
        <ele>1043.0</ele>
      </trkpt>
      <trkpt lat="44.13496680884024" lon="5.370377669430862">
        <ele>1044.0</ele>
      </trkpt>
      <trkpt lat="44.13510668831071" lon="5.370279668233315">
        <ele>1044.0</ele>
      </trkpt>
      <trkpt lat="44.135257591921636" lon="5.370158562725405">
        <ele>1045.0</ele>
      </trkpt>
      <trkpt lat="44.13530009604849" lon="5.370126561217878">
        <ele>1046.0</ele>
      </trkpt>
      <trkpt lat="44.13549410941524" lon="5.3699922544795164">
        <ele>1047.0</ele>
      </trkpt>
      <trkpt lat="44.13568812263754" lon="5.369857946824733">
        <ele>1049.0</ele>
      </trkpt>
      <trkpt lat="44.13588213571539" lon="5.369723638253521">
        <ele>1050.0</ele>
      </trkpt>
      <trkpt lat="44.13607614864878" lon="5.369589328765869">
        <ele>1051.0</ele>
      </trkpt>
      <trkpt lat="44.136282505690765" lon="5.3695356853642195">
        <ele>1053.0</ele>
      </trkpt>
      <trkpt lat="44.13648886272922" lon="5.369482041573251">
        <ele>1054.0</ele>
      </trkpt>
      <trkpt lat="44.13669521976411" lon="5.369428397392957">
        <ele>1055.0</ele>
      </trkpt>
      <trkpt lat="44.13690157679544" lon="5.369374752823335">
        <ele>1057.0</ele>
      </trkpt>
      <trkpt lat="44.137107933823195" lon="5.369321107864377">
        <ele>1058.0</ele>
      </trkpt>
      <trkpt lat="44.13728502902995" lon="5.369210243915617">
        <ele>1059.0</ele>
      </trkpt>
      <trkpt lat="44.13746212414129" lon="5.369099379276337">
        <ele>1060.0</ele>
      </trkpt>
      <trkpt lat="44.13763921915724" lon="5.3689885139465305">
        <ele>1061.0</ele>
      </trkpt>
      <trkpt lat="44.13764087808605" lon="5.368986597808658">
        <ele>1062.0</ele>
      </trkpt>
      <trkpt lat="44.137785514109254" lon="5.368819536082763">
        <ele>1063.0</ele>
      </trkpt>
      <trkpt lat="44.13793180881223" lon="5.368650557349551">
        <ele>1064.0</ele>
      </trkpt>
      <trkpt lat="44.13807810326619" lon="5.368481577746892">
        <ele>1065.0</ele>
      </trkpt>
      <trkpt lat="44.13822439747112" lon="5.368312597274779">
        <ele>1066.0</ele>
      </trkpt>
      <trkpt lat="44.138401489594074" lon="5.368162394037719">
        <ele>1068.0</ele>
      </trkpt>
      <trkpt lat="44.13857858152794" lon="5.368012189865112">
        <ele>1069.0</ele>
      </trkpt>
      <trkpt lat="44.13873770660221" lon="5.367947817209027">
        <ele>1070.0</ele>
      </trkpt>
      <trkpt lat="44.138896831652126" lon="5.367883444192669">
        <ele>1071.0</ele>
      </trkpt>
      <trkpt lat="44.13905595667774" lon="5.367819070816039">
        <ele>1072.0</ele>
      </trkpt>
      <trkpt lat="44.139215080428144" lon="5.367826223333382">
        <ele>1073.0</ele>
      </trkpt>
      <trkpt lat="44.13937420419155" lon="5.367833375890756">
        <ele>1075.0</ele>
      </trkpt>
      <trkpt lat="44.13953332796797" lon="5.367840528488158">
        <ele>1076.0</ele>
      </trkpt>
      <trkpt lat="44.13974377999491" lon="5.367883443514739">
        <ele>1077.0</ele>
      </trkpt>
      <trkpt lat="44.13995423202859" lon="5.367926358858973">
        <ele>1079.0</ele>
      </trkpt>
      <trkpt lat="44.140164684069056" lon="5.367969274520872">
        <ele>1080.0</ele>
      </trkpt>
      <trkpt lat="44.140367434572845" lon="5.368065833356824">
        <ele>1082.0</ele>
      </trkpt>
      <trkpt lat="44.14057018501349" lon="5.368162392881358">
        <ele>1083.0</ele>
      </trkpt>
      <trkpt lat="44.14077293539094" lon="5.368258953094482">
        <ele>1085.0</ele>
      </trkpt>
      <trkpt lat="44.140952586220926" lon="5.368441342155011">
        <ele>1086.0</ele>
      </trkpt>
      <trkpt lat="44.14113223676469" lon="5.36862373236802">
        <ele>1088.0</ele>
      </trkpt>
      <trkpt lat="44.14131188702224" lon="5.36880612373352">
        <ele>1090.0</ele>
      </trkpt>
      <trkpt lat="44.1414530403376" lon="5.369035004433114">
        <ele>1091.0</ele>
      </trkpt>
      <trkpt lat="44.14159419318581" lon="5.36926388626905">
        <ele>1093.0</ele>
      </trkpt>
      <trkpt lat="44.141735345566836" lon="5.369492769241333">
        <ele>1094.0</ele>
      </trkpt>
      <trkpt lat="44.14178924019036" lon="5.369669794868527">
        <ele>1095.0</ele>
      </trkpt>
      <trkpt lat="44.141843134529616" lon="5.369846820831299">
        <ele>1096.0</ele>
      </trkpt>
      <trkpt lat="44.14186623226859" lon="5.370018482138522">
        <ele>1097.0</ele>
      </trkpt>
      <trkpt lat="44.14188932973912" lon="5.370190143585204">
        <ele>1098.0</ele>
      </trkpt>
      <trkpt lat="44.14194322410452" lon="5.370447635650633">
        <ele>1099.0</ele>
      </trkpt>
      <trkpt lat="44.14207411021568" lon="5.370597839355468">
        <ele>1100.0</ele>
      </trkpt>
      <trkpt lat="44.14225889011395" lon="5.370640754699705">
        <ele>1101.0</ele>
      </trkpt>
      <trkpt lat="44.14242827110831" lon="5.370442271823858">
        <ele>1103.0</ele>
      </trkpt>
      <trkpt lat="44.14259765175867" lon="5.370243787765503">
        <ele>1104.0</ele>
      </trkpt>
      <trkpt lat="44.14262267470167" lon="5.369991660450958">
        <ele>1106.0</ele>
      </trkpt>
      <trkpt lat="44.14264769706529" lon="5.369739532914506">
        <ele>1107.0</ele>
      </trkpt>
      <trkpt lat="44.14267271884955" lon="5.369487405156153">
        <ele>1108.0</ele>
      </trkpt>
      <trkpt lat="44.14269774005442" lon="5.369235277175902">
        <ele>1109.0</ele>
      </trkpt>
      <trkpt lat="44.142713138890635" lon="5.368967056419685">
        <ele>1110.0</ele>
      </trkpt>
      <trkpt lat="44.14272853707093" lon="5.368698835518195">
        <ele>1111.0</ele>
      </trkpt>
      <trkpt lat="44.142743934595224" lon="5.3684306144714355">
        <ele>1112.0</ele>
      </trkpt>
      <trkpt lat="44.14280552762781" lon="5.368212461944173">
        <ele>1112.0</ele>
      </trkpt>
      <trkpt lat="44.14286712022841" lon="5.367994308944294">
        <ele>1113.0</ele>
      </trkpt>
      <trkpt lat="44.14292871239699" lon="5.3677761554718">
        <ele>1114.0</ele>
      </trkpt>
      <trkpt lat="44.143031366544136" lon="5.3676116472462185">
        <ele>1115.0</ele>
      </trkpt>
      <trkpt lat="44.14313402045005" lon="5.3674471384266385">
        <ele>1116.0</ele>
      </trkpt>
      <trkpt lat="44.14323667411476" lon="5.36728262901306">
        <ele>1116.0</ele>
      </trkpt>
      <trkpt lat="44.14339322048304" lon="5.367132426135303">
        <ele>1117.0</ele>
      </trkpt>
      <trkpt lat="44.14354976665858" lon="5.36698222243047">
        <ele>1117.0</ele>
      </trkpt>
      <trkpt lat="44.143706312641385" lon="5.366832017898558">
        <ele>1118.0</ele>
      </trkpt>
      <trkpt lat="44.1438962194929" lon="5.366746187783417">
        <ele>1118.0</ele>
      </trkpt>
      <trkpt lat="44.14408612629637" lon="5.366660357094945">
        <ele>1119.0</ele>
      </trkpt>
      <trkpt lat="44.14427603305181" lon="5.36657452583313">
        <ele>1120.0</ele>
      </trkpt>
      <trkpt lat="44.1444325764624" lon="5.366553068279165">
        <ele>1122.0</ele>
      </trkpt>
      <trkpt lat="44.1445891198818" lon="5.366531610607045">
        <ele>1123.0</ele>
      </trkpt>
      <trkpt lat="44.14474566330999" lon="5.3665101528167725">
        <ele>1124.0</ele>
      </trkpt>
      <trkpt lat="44.14492530175528" lon="5.366538762865482">
        <ele>1124.0</ele>
      </trkpt>
      <trkpt lat="44.145104940210196" lon="5.366567373094974">
        <ele>1125.0</ele>
      </trkpt>
      <trkpt lat="44.14528457867479" lon="5.366595983505248">
        <ele>1126.0</ele>
      </trkpt>
      <trkpt lat="44.14546164924468" lon="5.366590977095515">
        <ele>1127.0</ele>
      </trkpt>
      <trkpt lat="44.14563871983099" lon="5.366585970654601">
        <ele>1128.0</ele>
      </trkpt>
      <trkpt lat="44.14581579043368" lon="5.366580964182502">
        <ele>1129.0</ele>
      </trkpt>
      <trkpt lat="44.145831187804674" lon="5.36628484725952">
        <ele>1131.0</ele>
      </trkpt>
      <trkpt lat="44.14572148187813" lon="5.3660514937244725">
        <ele>1132.0</ele>
      </trkpt>
      <trkpt lat="44.145611775461376" lon="5.365818141089926">
        <ele>1133.0</ele>
      </trkpt>
      <trkpt lat="44.14550206855444" lon="5.365584789355883">
        <ele>1134.0</ele>
      </trkpt>
      <trkpt lat="44.14539236115735" lon="5.365351438522337">
        <ele>1135.0</ele>
      </trkpt>
      <trkpt lat="44.14531280762025" lon="5.365172624087632">
        <ele>1136.0</ele>
      </trkpt>
      <trkpt lat="44.145233253794935" lon="5.364993810153305">
        <ele>1137.0</ele>
      </trkpt>
      <trkpt lat="44.1451536996814" lon="5.364814996719359">
        <ele>1137.0</ele>
      </trkpt>
      <trkpt lat="44.145103657740854" lon="5.364648699614076">
        <ele>1138.0</ele>
      </trkpt>
      <trkpt lat="44.14505361554944" lon="5.364482402801514">
        <ele>1138.0</ele>
      </trkpt>
      <trkpt lat="44.14509595910679" lon="5.364241004169947">
        <ele>1139.0</ele>
      </trkpt>
      <trkpt lat="44.14513830213367" lon="5.363999605178832">
        <ele>1140.0</ele>
      </trkpt>
      <trkpt lat="44.14530305544811" lon="5.363802196883411">
        <ele>1141.0</ele>
      </trkpt>
      <trkpt lat="44.14546780842158" lon="5.363604787443959">
        <ele>1142.0</ele>
      </trkpt>
      <trkpt lat="44.145632561054065" lon="5.363407376860471">
        <ele>1143.0</ele>
      </trkpt>
      <trkpt lat="44.145797313345554" lon="5.363209965132937">
        <ele>1145.0</ele>
      </trkpt>
      <trkpt lat="44.14596206529604" lon="5.363012552261351">
        <ele>1146.0</ele>
      </trkpt>
      <trkpt lat="44.14602365460331" lon="5.36279797554016">
        <ele>1147.0</ele>
      </trkpt>
      <trkpt lat="44.14601018311224" lon="5.362505614549713">
        <ele>1148.0</ele>
      </trkpt>
      <trkpt lat="44.14599671084182" lon="5.362213253697809">
        <ele>1149.0</ele>
      </trkpt>
      <trkpt lat="44.14598323779204" lon="5.361920892984457">
        <ele>1151.0</ele>
      </trkpt>
      <trkpt lat="44.145969763962924" lon="5.361628532409667">
        <ele>1151.0</ele>
      </trkpt>
      <trkpt lat="44.146008258267486" lon="5.361354947645814">
        <ele>1152.0</ele>
      </trkpt>
      <trkpt lat="44.14604675189027" lon="5.361081362511515">
        <ele>1153.0</ele>
      </trkpt>
      <trkpt lat="44.146085244831305" lon="5.36080777700677">
        <ele>1154.0</ele>
      </trkpt>
      <trkpt lat="44.14612373709058" lon="5.360534191131591">
        <ele>1155.0</ele>
      </trkpt>
      <trkpt lat="44.14618917574225" lon="5.36030888583365">
        <ele>1156.0</ele>
      </trkpt>
      <trkpt lat="44.1462546139333" lon="5.360083580017088">
        <ele>1157.0</ele>
      </trkpt>
      <trkpt lat="44.14635469609017" lon="5.359922648042754">
        <ele>1158.0</ele>
      </trkpt>
      <trkpt lat="44.14645477801618" lon="5.359761715501859">
        <ele>1159.0</ele>
      </trkpt>
      <trkpt lat="44.14655485971131" lon="5.359600782394408">
        <ele>1159.0</ele>
      </trkpt>
      <trkpt lat="44.14668573541098" lon="5.359489918265512">
        <ele>1160.0</ele>
      </trkpt>
      <trkpt lat="44.14681661100768" lon="5.35937905362623">
        <ele>1161.0</ele>
      </trkpt>
      <trkpt lat="44.146947486501354" lon="5.359268188476561">
        <ele>1161.0</ele>
      </trkpt>
      <trkpt lat="44.14716304440505" lon="5.35922169720616">
        <ele>1162.0</ele>
      </trkpt>
      <trkpt lat="44.147378602313644" lon="5.359175205583237">
        <ele>1164.0</ele>
      </trkpt>
      <trkpt lat="44.14759416022715" lon="5.359128713607787">
        <ele>1165.0</ele>
      </trkpt>
      <trkpt lat="44.147796883101634" lon="5.359187124493477">
        <ele>1167.0</ele>
      </trkpt>
      <trkpt lat="44.14799960596676" lon="5.359245535795706">
        <ele>1169.0</ele>
      </trkpt>
      <trkpt lat="44.14820232882252" lon="5.3593039475144755">
        <ele>1171.0</ele>
      </trkpt>
      <trkpt lat="44.14840505166895" lon="5.359362359649791">
        <ele>1173.0</ele>
      </trkpt>
      <trkpt lat="44.148607774506004" lon="5.359420772201656">
        <ele>1175.0</ele>
      </trkpt>
      <trkpt lat="44.14881049733372" lon="5.359479185170076">
        <ele>1177.0</ele>
      </trkpt>
      <trkpt lat="44.14901322015204" lon="5.359537598555055">
        <ele>1178.0</ele>
      </trkpt>
      <trkpt lat="44.14921594296103" lon="5.359596012356597">
        <ele>1180.0</ele>
      </trkpt>
      <trkpt lat="44.149418665760614" lon="5.359654426574706">
        <ele>1181.0</ele>
      </trkpt>
      <trkpt lat="44.149541837097736" lon="5.359514951705931">
        <ele>1182.0</ele>
      </trkpt>
      <trkpt lat="44.14949564787646" lon="5.359257459640503">
        <ele>1184.0</ele>
      </trkpt>
      <trkpt lat="44.14934424943506" lon="5.359103678837973">
        <ele>1185.0</ele>
      </trkpt>
      <trkpt lat="44.14919285079013" lon="5.358949898854454">
        <ele>1186.0</ele>
      </trkpt>
      <trkpt lat="44.14904145194171" lon="5.3587961196899405">
        <ele>1187.0</ele>
      </trkpt>
      <trkpt lat="44.148964469751455" lon="5.358535050638837">
        <ele>1188.0</ele>
      </trkpt>
      <trkpt lat="44.1488874869428" lon="5.358273982294721">
        <ele>1189.0</ele>
      </trkpt>
      <trkpt lat="44.14881050351583" lon="5.358012914657592">
        <ele>1190.0</ele>
      </trkpt>
      <trkpt lat="44.14876944662169" lon="5.357730388233306">
        <ele>1191.0</ele>
      </trkpt>
      <trkpt lat="44.148728389000595" lon="5.357447862217069">
        <ele>1192.0</ele>
      </trkpt>
      <trkpt lat="44.14868733065252" lon="5.357165336608886">
        <ele>1193.0</ele>
      </trkpt>
      <trkpt lat="44.14872838870669" lon="5.356947183924085">
        <ele>1194.0</ele>
      </trkpt>
      <trkpt lat="44.1487694463278" lon="5.356729030924207">
        <ele>1194.0</ele>
      </trkpt>
      <trkpt lat="44.14881050351583" lon="5.356510877609252">
        <ele>1195.0</ele>
      </trkpt>
      <trkpt lat="44.148913147636456" lon="5.356289149131295">
        <ele>1196.0</ele>
      </trkpt>
      <trkpt lat="44.14901579131434" lon="5.35606741985273">
        <ele>1197.0</ele>
      </trkpt>
      <trkpt lat="44.14911843454952" lon="5.35584568977356">
        <ele>1199.0</ele>
      </trkpt>
      <trkpt lat="44.14926983326486" lon="5.355670453051206">
        <ele>1200.0</ele>
      </trkpt>
      <trkpt lat="44.1494212317123" lon="5.355495215395568">
        <ele>1201.0</ele>
      </trkpt>
      <trkpt lat="44.149572629891864" lon="5.355319976806639">
        <ele>1203.0</ele>
      </trkpt>
      <trkpt lat="44.14973814073441" lon="5.355180502343897">
        <ele>1204.0</ele>
      </trkpt>
      <trkpt lat="44.14990365141403" lon="5.35504102706909">
        <ele>1205.0</ele>
      </trkpt>
      <trkpt lat="44.15007044402051" lon="5.3550159932651695">
        <ele>1207.0</ele>
      </trkpt>
      <trkpt lat="44.150237236636" lon="5.354990959314364">
        <ele>1208.0</ele>
      </trkpt>
      <trkpt lat="44.15040402926049" lon="5.354965925216674">
        <ele>1210.0</ele>
      </trkpt>
      <trkpt lat="44.15058493384927" lon="5.3551000352406835">
        <ele>1212.0</ele>
      </trkpt>
      <trkpt lat="44.150765838291356" lon="5.355234146118163">
        <ele>1214.0</ele>
      </trkpt>
      <trkpt lat="44.15088900681711" lon="5.355448722839354">
        <ele>1217.0</ele>
      </trkpt>
      <trkpt lat="44.15106606112254" lon="5.355620384216309">
        <ele>1219.0</ele>
      </trkpt>
      <trkpt lat="44.151204624991095" lon="5.355459451675415">
        <ele>1220.0</ele>
      </trkpt>
      <trkpt lat="44.151320094633036" lon="5.355191230773925">
        <ele>1222.0</ele>
      </trkpt>
      <trkpt lat="44.15142016812804" lon="5.355062484967833">
        <ele>1223.0</ele>
      </trkpt>
      <trkpt lat="44.151520241477236" lon="5.354933738708495">
        <ele>1224.0</ele>
      </trkpt>
      <trkpt lat="44.15166265313374" lon="5.354810357402876">
        <ele>1226.0</ele>
      </trkpt>
      <trkpt lat="44.15180506466218" lon="5.354686975479126">
        <ele>1227.0</ele>
      </trkpt>
      <trkpt lat="44.151985964904114" lon="5.354606509464719">
        <ele>1229.0</ele>
      </trkpt>
      <trkpt lat="44.15216686510429" lon="5.3545260429382315">
        <ele>1231.0</ele>
      </trkpt>
      <trkpt lat="44.1522515414832" lon="5.35429000854492">
        <ele>1232.0</ele>
      </trkpt>
      <trkpt lat="44.15222844821033" lon="5.354043245215314">
        <ele>1233.0</ele>
      </trkpt>
      <trkpt lat="44.1522053543825" lon="5.35379648208618">
        <ele>1234.0</ele>
      </trkpt>
      <trkpt lat="44.15225410806425" lon="5.353524685372165">
        <ele>1235.0</ele>
      </trkpt>
      <trkpt lat="44.15230286107367" lon="5.353252888191988">
        <ele>1236.0</ele>
      </trkpt>
      <trkpt lat="44.15235161341077" lon="5.352981090545654">
        <ele>1237.0</ele>
      </trkpt>
      <trkpt lat="44.15245296830186" lon="5.352787257106603">
        <ele>1238.0</ele>
      </trkpt>
      <trkpt lat="44.15255432285581" lon="5.352593422976417">
        <ele>1240.0</ele>
      </trkpt>
      <trkpt lat="44.15265567707261" lon="5.352399588155094">
        <ele>1241.0</ele>
      </trkpt>
      <trkpt lat="44.15271918417269" lon="5.352116346937588">
        <ele>1242.0</ele>
      </trkpt>
      <trkpt lat="44.15278269054342" lon="5.3518331050872785">
        <ele>1243.0</ele>
      </trkpt>
      <trkpt lat="44.15279423798493" lon="5.351594388630409">
        <ele>1244.0</ele>
      </trkpt>
      <trkpt lat="44.15280578490691" lon="5.351355672076566">
        <ele>1244.0</ele>
      </trkpt>
      <trkpt lat="44.15281733130937" lon="5.351116955425754">
        <ele>1245.0</ele>
      </trkpt>
      <trkpt lat="44.15282887719231" lon="5.3508782386779785">
        <ele>1245.0</ele>
      </trkpt>
      <trkpt lat="44.15288661065489" lon="5.350652933349529">
        <ele>1246.0</ele>
      </trkpt>
      <trkpt lat="44.15294434365636" lon="5.350427627563477">
        <ele>1246.0</ele>
      </trkpt>
      <trkpt lat="44.153094449643135" lon="5.350266695447502">
        <ele>1247.0</ele>
      </trkpt>
      <trkpt lat="44.15324455540567" lon="5.3501057624816895">
        <ele>1247.0</ele>
      </trkpt>
      <trkpt lat="44.15342160239635" lon="5.350030660863159">
        <ele>1248.0</ele>
      </trkpt>
      <trkpt lat="44.15359864935214" lon="5.349955558776855">
        <ele>1249.0</ele>
      </trkpt>
      <trkpt lat="44.15379108952983" lon="5.349961995991328">
        <ele>1250.0</ele>
      </trkpt>
      <trkpt lat="44.153983529726695" lon="5.349968433249382">
        <ele>1251.0</ele>
      </trkpt>
      <trkpt lat="44.15417596994273" lon="5.3499748705510175">
        <ele>1251.0</ele>
      </trkpt>
      <trkpt lat="44.15436841017792" lon="5.349981307896235">
        <ele>1252.0</ele>
      </trkpt>
      <trkpt lat="44.15456085043227" lon="5.349987745285033">
        <ele>1253.0</ele>
      </trkpt>
      <trkpt lat="44.154768683155424" lon="5.349880457708902">
        <ele>1254.0</ele>
      </trkpt>
      <trkpt lat="44.154976515796406" lon="5.34977316934831">
        <ele>1254.0</ele>
      </trkpt>
      <trkpt lat="44.155184348355235" lon="5.349665880203246">
        <ele>1255.0</ele>
      </trkpt>
      <trkpt lat="44.1553793498712" lon="5.349580050103603">
        <ele>1255.0</ele>
      </trkpt>
      <trkpt lat="44.15557435134005" lon="5.349494219415128">
        <ele>1255.0</ele>
      </trkpt>
      <trkpt lat="44.155769352761794" lon="5.3494083881378165">
        <ele>1255.0</ele>
      </trkpt>
      <trkpt lat="44.155892510717436" lon="5.349376201699367">
        <ele>1256.0</ele>
      </trkpt>
      <trkpt lat="44.15601566867163" lon="5.349344015121459">
        <ele>1256.0</ele>
      </trkpt>
      <trkpt lat="44.15619014140653" lon="5.34945845533696">
        <ele>1256.0</ele>
      </trkpt>
      <trkpt lat="44.15636461403806" lon="5.3495728962549265">
        <ele>1257.0</ele>
      </trkpt>
      <trkpt lat="44.156539086566234" lon="5.349687337875365">
        <ele>1258.0</ele>
      </trkpt>
      <trkpt lat="44.15669816320112" lon="5.349719524203407">
        <ele>1259.0</ele>
      </trkpt>
      <trkpt lat="44.156857239839866" lon="5.349751710711586">
        <ele>1260.0</ele>
      </trkpt>
      <trkpt lat="44.15701631648252" lon="5.3497838973999015">
        <ele>1261.0</ele>
      </trkpt>
      <trkpt lat="44.15713177464164" lon="5.349751710957095">
        <ele>1262.0</ele>
      </trkpt>
      <trkpt lat="44.15724723279832" lon="5.349719524383545">
        <ele>1263.0</ele>
      </trkpt>
      <trkpt lat="44.15727032438019" lon="5.34941482648719">
        <ele>1263.0</ele>
      </trkpt>
      <trkpt lat="44.15714332059337" lon="5.349223852254798">
        <ele>1263.0</ele>
      </trkpt>
      <trkpt lat="44.15701631648252" lon="5.3490328788757315">
        <ele>1263.0</ele>
      </trkpt>
      <trkpt lat="44.156947041549216" lon="5.348834395166753">
        <ele>1263.0</ele>
      </trkpt>
      <trkpt lat="44.156877766259285" lon="5.348635911941529">
        <ele>1262.0</ele>
      </trkpt>
      <trkpt lat="44.15698552768057" lon="5.348421335627098">
        <ele>1262.0</ele>
      </trkpt>
      <trkpt lat="44.15709328868818" lon="5.348206758499144">
        <ele>1262.0</ele>
      </trkpt>
      <trkpt lat="44.157252363853274" lon="5.34814596210173">
        <ele>1263.0</ele>
      </trkpt>
      <trkpt lat="44.15741143899797" lon="5.348085165364061">
        <ele>1264.0</ele>
      </trkpt>
      <trkpt lat="44.157570514122305" lon="5.348024368286132">
        <ele>1265.0</ele>
      </trkpt>
      <trkpt lat="44.157651334182994" lon="5.347906351257265">
        <ele>1266.0</ele>
      </trkpt>
      <trkpt lat="44.15773215412012" lon="5.3477883338928205">
        <ele>1267.0</ele>
      </trkpt>
      <trkpt lat="44.15766287988959" lon="5.347541570663451">
        <ele>1268.0</ele>
      </trkpt>
      <trkpt lat="44.15744735880232" lon="5.347452163018354">
        <ele>1269.0</ele>
      </trkpt>
      <trkpt lat="44.15723183766663" lon="5.347362756051193">
        <ele>1270.0</ele>
      </trkpt>
      <trkpt lat="44.157016316482526" lon="5.347273349761963">
        <ele>1271.0</ele>
      </trkpt>
      <trkpt lat="44.15684697707854" lon="5.347166061081769">
        <ele>1272.0</ele>
      </trkpt>
      <trkpt lat="44.1566776375847" lon="5.347058773040769">
        <ele>1273.0</ele>
      </trkpt>
      <trkpt lat="44.15653138916657" lon="5.346930026676835">
        <ele>1274.0</ele>
      </trkpt>
      <trkpt lat="44.15638514060859" lon="5.34680128097534">
        <ele>1275.0</ele>
      </trkpt>
      <trkpt lat="44.15628122695522" lon="5.346597432717587">
        <ele>1276.0</ele>
      </trkpt>
      <trkpt lat="44.15617731292871" lon="5.346393585205077">
        <ele>1276.0</ele>
      </trkpt>
      <trkpt lat="44.15605415548676" lon="5.346195101307972">
        <ele>1277.0</ele>
      </trkpt>
      <trkpt lat="44.155930997693595" lon="5.345996618270873">
        <ele>1278.0</ele>
      </trkpt>
      <trkpt lat="44.155800142184916" lon="5.345857142759996">
        <ele>1278.0</ele>
      </trkpt>
      <trkpt lat="44.15566928650789" lon="5.345717667891225">
        <ele>1279.0</ele>
      </trkpt>
      <trkpt lat="44.15553843066254" lon="5.345578193664548">
        <ele>1280.0</ele>
      </trkpt>
      <trkpt lat="44.15546145662841" lon="5.345395802957613">
        <ele>1281.0</ele>
      </trkpt>
      <trkpt lat="44.1553844822941" lon="5.3452134127446">
        <ele>1282.0</ele>
      </trkpt>
      <trkpt lat="44.15530750765963" lon="5.345031023025512">
        <ele>1283.0</ele>
      </trkpt>
      <trkpt lat="44.15516895349895" lon="5.34480035248803">
        <ele>1284.0</ele>
      </trkpt>
      <trkpt lat="44.15503039886329" lon="5.344569683074951">
        <ele>1285.0</ele>
      </trkpt>
      <trkpt lat="44.1548456589428" lon="5.344623327255247">
        <ele>1285.0</ele>
      </trkpt>
      <trkpt lat="44.154712877050315" lon="5.344856681074667">
        <ele>1286.0</ele>
      </trkpt>
      <trkpt lat="44.15458009467067" lon="5.345090033804002">
        <ele>1286.0</ele>
      </trkpt>
      <trkpt lat="44.15444731180382" lon="5.3453233854432565">
        <ele>1287.0</ele>
      </trkpt>
      <trkpt lat="44.15431452844981" lon="5.3455567359924325">
        <ele>1287.0</ele>
      </trkpt>
      <trkpt lat="44.15414903013976" lon="5.3456962112672395">
        <ele>1287.0</ele>
      </trkpt>
      <trkpt lat="44.15398353166681" lon="5.34583568572998">
        <ele>1288.0</ele>
      </trkpt>
      <trkpt lat="44.15379109050614" lon="5.345873236783301">
        <ele>1288.0</ele>
      </trkpt>
      <trkpt lat="44.153598649352155" lon="5.345910787582397">
        <ele>1289.0</ele>
      </trkpt>
      <trkpt lat="44.1534292996061" lon="5.345873236320609">
        <ele>1289.0</ele>
      </trkpt>
      <trkpt lat="44.153259949862324" lon="5.345835685282543">
        <ele>1290.0</ele>
      </trkpt>
      <trkpt lat="44.15309060012085" lon="5.345798134468194">
        <ele>1290.0</ele>
      </trkpt>
      <trkpt lat="44.15292125038164" lon="5.345760583877563">
        <ele>1291.0</ele>
      </trkpt>
      <trkpt lat="44.15277114370441" lon="5.345685481826851">
        <ele>1292.0</ele>
      </trkpt>
      <trkpt lat="44.15262103698768" lon="5.345610380172728">
        <ele>1292.0</ele>
      </trkpt>
      <trkpt lat="44.1525190411049" lon="5.345440328078032">
        <ele>1293.0</ele>
      </trkpt>
      <trkpt lat="44.15241704496395" lon="5.34527027659351">
        <ele>1295.0</ele>
      </trkpt>
      <trkpt lat="44.15233044442633" lon="5.345102369791474">
        <ele>1296.0</ele>
      </trkpt>
      <trkpt lat="44.1522438436356" lon="5.344934463500975">
        <ele>1297.0</ele>
      </trkpt>
      <trkpt lat="44.152078339457056" lon="5.344857216180336">
        <ele>1297.0</ele>
      </trkpt>
      <trkpt lat="44.15191283523857" lon="5.344779969309456">
        <ele>1297.0</ele>
      </trkpt>
      <trkpt lat="44.15180249871087" lon="5.344938756350229">
        <ele>1297.0</ele>
      </trkpt>
      <trkpt lat="44.15169216195968" lon="5.3450975427746625">
        <ele>1296.0</ele>
      </trkpt>
      <trkpt lat="44.15158182498505" lon="5.345256328582763">
        <ele>1296.0</ele>
      </trkpt>
      <trkpt lat="44.15139322500819" lon="5.345336795120146">
        <ele>1295.0</ele>
      </trkpt>
      <trkpt lat="44.151204624991095" lon="5.3454172611236555">
        <ele>1295.0</ele>
      </trkpt>
      <trkpt lat="44.15105066470583" lon="5.345399379633377">
        <ele>1295.0</ele>
      </trkpt>
      <trkpt lat="44.15089670443021" lon="5.345381498239944">
        <ele>1296.0</ele>
      </trkpt>
      <trkpt lat="44.150742744164184" lon="5.345363616943359">
        <ele>1296.0</ele>
      </trkpt>
      <trkpt lat="44.15058365060963" lon="5.345331430255043">
        <ele>1297.0</ele>
      </trkpt>
      <trkpt lat="44.15042455705901" lon="5.345299243746866">
        <ele>1297.0</ele>
      </trkpt>
      <trkpt lat="44.15026546351233" lon="5.345267057418824">
        <ele>1298.0</ele>
      </trkpt>
      <trkpt lat="44.150053764847605" lon="5.345191955286758">
        <ele>1298.0</ele>
      </trkpt>
      <trkpt lat="44.14984206615513" lon="5.3451168537139875">
        <ele>1299.0</ele>
      </trkpt>
      <trkpt lat="44.149708631030805" lon="5.344995259667891">
        <ele>1299.0</ele>
      </trkpt>
      <trkpt lat="44.14957519578106" lon="5.34487366619255">
        <ele>1300.0</ele>
      </trkpt>
      <trkpt lat="44.149441760405935" lon="5.344752073287962">
        <ele>1300.0</ele>
      </trkpt>
      <trkpt lat="44.149228775381445" lon="5.344834328314028">
        <ele>1301.0</ele>
      </trkpt>
      <trkpt lat="44.14901579031925" lon="5.344916582723815">
        <ele>1302.0</ele>
      </trkpt>
      <trkpt lat="44.14880280521939" lon="5.344998836517332">
        <ele>1303.0</ele>
      </trkpt>
      <trkpt lat="44.148621894125895" lon="5.345036387802001">
        <ele>1304.0</ele>
      </trkpt>
      <trkpt lat="44.14844098303687" lon="5.345073938847693">
        <ele>1305.0</ele>
      </trkpt>
      <trkpt lat="44.14826007195233" lon="5.345111489654415">
        <ele>1305.0</ele>
      </trkpt>
      <trkpt lat="44.14807916087222" lon="5.345149040222167">
        <ele>1306.0</ele>
      </trkpt>
      <trkpt lat="44.147887982248804" lon="5.345147252052761">
        <ele>1306.0</ele>
      </trkpt>
      <trkpt lat="44.147696803644685" lon="5.3451454638953795">
        <ele>1307.0</ele>
      </trkpt>
      <trkpt lat="44.147505625059885" lon="5.345143675750024">
        <ele>1308.0</ele>
      </trkpt>
      <trkpt lat="44.147314446494434" lon="5.345141887616693">
        <ele>1309.0</ele>
      </trkpt>
      <trkpt lat="44.14712326794831" lon="5.345140099495389">
        <ele>1309.0</ele>
      </trkpt>
      <trkpt lat="44.14693208942151" lon="5.3451383113861075">
        <ele>1310.0</ele>
      </trkpt>
      <trkpt lat="44.14675502218125" lon="5.345098972075532">
        <ele>1311.0</ele>
      </trkpt>
      <trkpt lat="44.14657795494349" lon="5.3450596330099795">
        <ele>1312.0</ele>
      </trkpt>
      <trkpt lat="44.14640088770824" lon="5.345020294189452">
        <ele>1313.0</ele>
      </trkpt>
      <trkpt lat="44.146223819163815" lon="5.344939827668411">
        <ele>1313.0</ele>
      </trkpt>
      <trkpt lat="44.14604675057697" lon="5.344859361648557">
        <ele>1314.0</ele>
      </trkpt>
      <trkpt lat="44.14591394849709" lon="5.344698427979993">
        <ele>1315.0</ele>
      </trkpt>
      <trkpt lat="44.145781146190366" lon="5.344537495063213">
        <ele>1315.0</ele>
      </trkpt>
      <trkpt lat="44.14564834365683" lon="5.344376562898211">
        <ele>1316.0</ele>
      </trkpt>
      <trkpt lat="44.14551554089649" lon="5.344215631484984">
        <ele>1317.0</ele>
      </trkpt>
      <trkpt lat="44.14537696362225" lon="5.344054698551858">
        <ele>1317.0</ele>
      </trkpt>
      <trkpt lat="44.14523838612202" lon="5.343893766403197">
        <ele>1318.0</ele>
      </trkpt>
      <trkpt lat="44.145115205678465" lon="5.343931317410758">
        <ele>1318.0</ele>
      </trkpt>
      <trkpt lat="44.14499202523008" lon="5.343968868255615">
        <ele>1318.0</ele>
      </trkpt>
      <trkpt lat="44.14483804893238" lon="5.344115496475913">
        <ele>1317.0</ele>
      </trkpt>
      <trkpt lat="44.14468407245118" lon="5.344262123902057">
        <ele>1317.0</ele>
      </trkpt>
      <trkpt lat="44.14453009578651" lon="5.344408750534057">
        <ele>1318.0</ele>
      </trkpt>
      <trkpt lat="44.14435302147814" lon="5.34453749736867">
        <ele>1318.0</ele>
      </trkpt>
      <trkpt lat="44.144175947035244" lon="5.344666243401383">
        <ele>1319.0</ele>
      </trkpt>
      <trkpt lat="44.14399887245784" lon="5.344794988632202">
        <ele>1320.0</ele>
      </trkpt>
      <trkpt lat="44.14379869953545" lon="5.34491300665981">
        <ele>1321.0</ele>
      </trkpt>
      <trkpt lat="44.14359852650736" lon="5.345031023856463">
        <ele>1321.0</ele>
      </trkpt>
      <trkpt lat="44.143398353373506" lon="5.345149040222167">
        <ele>1322.0</ele>
      </trkpt>
      <trkpt lat="44.143190479218745" lon="5.345188379575357">
        <ele>1322.0</ele>
      </trkpt>
      <trkpt lat="44.142982605072795" lon="5.345227718640906">
        <ele>1323.0</ele>
      </trkpt>
      <trkpt lat="44.142774730935685" lon="5.345267057418822">
        <ele>1324.0</ele>
      </trkpt>
      <trkpt lat="44.14258610278744" lon="5.345267057418822">
        <ele>1325.0</ele>
      </trkpt>
      <trkpt lat="44.142397474658104" lon="5.345267057418822">
        <ele>1326.0</ele>
      </trkpt>
      <trkpt lat="44.14222809327598" lon="5.345197319776696">
        <ele>1326.0</ele>
      </trkpt>
      <trkpt lat="44.14205871186474" lon="5.345127582550049">
        <ele>1327.0</ele>
      </trkpt>
      <trkpt lat="44.14188547943611" lon="5.345049797777692">
        <ele>1327.0</ele>
      </trkpt>
      <trkpt lat="44.14171224696824" lon="5.34497201347929">
        <ele>1327.0</ele>
      </trkpt>
      <trkpt lat="44.141539014461124" lon="5.344894229654833">
        <ele>1327.0</ele>
      </trkpt>
      <trkpt lat="44.141365781914786" lon="5.34481644630432">
        <ele>1327.0</ele>
      </trkpt>
      <trkpt lat="44.14121564601294" lon="5.344612597880958">
        <ele>1327.0</ele>
      </trkpt>
      <trkpt lat="44.14106550974412" lon="5.344408750534057">
        <ele>1327.0</ele>
      </trkpt>
      <trkpt lat="44.14115290678239" lon="5.34423030090459">
        <ele>1327.0</ele>
      </trkpt>
      <trkpt lat="44.14124030353431" lon="5.344051850726571">
        <ele>1328.0</ele>
      </trkpt>
      <trkpt lat="44.141327699999884" lon="5.3438734">
        <ele>1328.0</ele>
      </trkpt>
      <trkpt lat="44.141370481502385" lon="5.343814597638678">
        <ele>1329.0</ele>
      </trkpt>
      <trkpt lat="44.14151520084932" lon="5.343615682682121">
        <ele>1330.0</ele>
      </trkpt>
      <trkpt lat="44.14165991984657" lon="5.3434167667130446">
        <ele>1331.0</ele>
      </trkpt>
      <trkpt lat="44.141804638494065" lon="5.343217849731444">
        <ele>1332.0</ele>
      </trkpt>
      <trkpt lat="44.14189959583489" lon="5.342949629725796">
        <ele>1332.0</ele>
      </trkpt>
      <trkpt lat="44.14199455252442" lon="5.342681408824304">
        <ele>1333.0</ele>
      </trkpt>
      <trkpt lat="44.14208950856266" lon="5.342413187026976">
        <ele>1334.0</ele>
      </trkpt>
      <trkpt lat="44.14213955344293" lon="5.34215569518817">
        <ele>1335.0</ele>
      </trkpt>
      <trkpt lat="44.14218959771987" lon="5.341898202896119">
        <ele>1335.0</ele>
      </trkpt>
      <trkpt lat="44.14221782860646" lon="5.341629982260961">
        <ele>1336.0</ele>
      </trkpt>
      <trkpt lat="44.14224605883741" lon="5.341361761359469">
        <ele>1336.0</ele>
      </trkpt>
      <trkpt lat="44.14227428841268" lon="5.34109354019165">
        <ele>1337.0</ele>
      </trkpt>
      <trkpt lat="44.14235384667031" lon="5.340846777652803">
        <ele>1338.0</ele>
      </trkpt>
      <trkpt lat="44.14243340437599" lon="5.3406000144234325">
        <ele>1339.0</ele>
      </trkpt>
      <trkpt lat="44.142512961529725" lon="5.340353250503539">
        <ele>1339.0</ele>
      </trkpt>
      <trkpt lat="44.142616899606296" lon="5.340154767399252">
        <ele>1340.0</ele>
      </trkpt>
      <trkpt lat="44.14272083732932" lon="5.339956283569335">
        <ele>1340.0</ele>
      </trkpt>
      <trkpt lat="44.142867119808095" lon="5.339784622634007">
        <ele>1341.0</ele>
      </trkpt>
      <trkpt lat="44.14301340202953" lon="5.339612960815429">
        <ele>1341.0</ele>
      </trkpt>
      <trkpt lat="44.143159683678526" lon="5.339532494751994">
        <ele>1342.0</ele>
      </trkpt>
      <trkpt lat="44.14330596527986" lon="5.339452028274536">
        <ele>1343.0</ele>
      </trkpt>
      <trkpt lat="44.143527310234845" lon="5.3394305708530085">
        <ele>1343.0</ele>
      </trkpt>
      <trkpt lat="44.14374865521162" lon="5.339409113264423">
        <ele>1344.0</ele>
      </trkpt>
      <trkpt lat="44.143970000210196" lon="5.339387655508771">
        <ele>1345.0</ele>
      </trkpt>
      <trkpt lat="44.14419134523059" lon="5.339366197586059">
        <ele>1346.0</ele>
      </trkpt>
      <trkpt lat="44.14433762379196" lon="5.339293957302913">
        <ele>1346.0</ele>
      </trkpt>
      <trkpt lat="44.144483902317106" lon="5.33922171664807">
        <ele>1347.0</ele>
      </trkpt>
      <trkpt lat="44.14463018080601" lon="5.339149475621524">
        <ele>1348.0</ele>
      </trkpt>
      <trkpt lat="44.14478993098038" lon="5.339061499776405">
        <ele>1349.0</ele>
      </trkpt>
      <trkpt lat="44.14494968109771" lon="5.338973523436931">
        <ele>1350.0</ele>
      </trkpt>
      <trkpt lat="44.145109431157984" lon="5.338885546603097">
        <ele>1351.0</ele>
      </trkpt>
      <trkpt lat="44.1452691811612" lon="5.3387975692749015">
        <ele>1352.0</ele>
      </trkpt>
      <trkpt lat="44.145473197545435" lon="5.338733196489526">
        <ele>1353.0</ele>
      </trkpt>
      <trkpt lat="44.14567721391395" lon="5.338668823242187">
        <ele>1355.0</ele>
      </trkpt>
      <trkpt lat="44.145888927519145" lon="5.338679552038297">
        <ele>1356.0</ele>
      </trkpt>
      <trkpt lat="44.14610064114705" lon="5.338690280914306">
        <ele>1358.0</ele>
      </trkpt>
      <trkpt lat="44.14623921667275" lon="5.338625907897948">
        <ele>1359.0</ele>
      </trkpt>
      <trkpt lat="44.1462546139333" lon="5.338422060012817">
        <ele>1359.0</ele>
      </trkpt>
      <trkpt lat="44.146077544343804" lon="5.338306187139952">
        <ele>1360.0</ele>
      </trkpt>
      <trkpt lat="44.14590047464849" lon="5.338190314988804">
        <ele>1360.0</ele>
      </trkpt>
      <trkpt lat="44.14572340484736" lon="5.338074443559365">
        <ele>1360.0</ele>
      </trkpt>
      <trkpt lat="44.14554633494041" lon="5.337958572851634">
        <ele>1361.0</ele>
      </trkpt>
      <trkpt lat="44.14536926492766" lon="5.337842702865601">
        <ele>1361.0</ele>
      </trkpt>
      <trkpt lat="44.14522298829549" lon="5.337753295438412">
        <ele>1361.0</ele>
      </trkpt>
      <trkpt lat="44.14507671160173" lon="5.337663888471248">
        <ele>1361.0</ele>
      </trkpt>
      <trkpt lat="44.14493043484646" lon="5.33757448196411">
        <ele>1362.0</ele>
      </trkpt>
      <trkpt lat="44.144830350358845" lon="5.3374189135674115">
        <ele>1362.0</ele>
      </trkpt>
      <trkpt lat="44.14473026565585" lon="5.337263345718383">
        <ele>1362.0</ele>
      </trkpt>
      <trkpt lat="44.14466097616248" lon="5.336995124816893">
        <ele>1363.0</ele>
      </trkpt>
      <trkpt lat="44.14467252455876" lon="5.336818099057864">
        <ele>1363.0</ele>
      </trkpt>
      <trkpt lat="44.14468407266931" lon="5.336641073226929">
        <ele>1364.0</ele>
      </trkpt>
      <trkpt lat="44.14473411583706" lon="5.336394310649102">
        <ele>1365.0</ele>
      </trkpt>
      <trkpt lat="44.14478415845084" lon="5.33614754763691">
        <ele>1365.0</ele>
      </trkpt>
      <trkpt lat="44.14483420051068" lon="5.3359007841903585">
        <ele>1366.0</ele>
      </trkpt>
      <trkpt lat="44.14488424201656" lon="5.335654020309447">
        <ele>1366.0</ele>
      </trkpt>
      <trkpt lat="44.144959305943964" lon="5.33542066904935">
        <ele>1367.0</ele>
      </trkpt>
      <trkpt lat="44.14503436937781" lon="5.335187317173122">
        <ele>1367.0</ele>
      </trkpt>
      <trkpt lat="44.14510943231807" lon="5.33495396468076">
        <ele>1368.0</ele>
      </trkpt>
      <trkpt lat="44.145184494764756" lon="5.334720611572266">
        <ele>1368.0</ele>
      </trkpt>
      <trkpt lat="44.145296126761984" lon="5.3346025946073174">
        <ele>1369.0</ele>
      </trkpt>
      <trkpt lat="44.14540775863879" lon="5.334484577178953">
        <ele>1369.0</ele>
      </trkpt>
      <trkpt lat="44.145538636925735" lon="5.334447026339182">
        <ele>1370.0</ele>
      </trkpt>
      <trkpt lat="44.14566951520888" lon="5.334409475326537">
        <ele>1370.0</ele>
      </trkpt>
      <trkpt lat="44.145882511556" lon="5.334427356585997">
        <ele>1371.0</ele>
      </trkpt>
      <trkpt lat="44.14609550792425" lon="5.33444523797943">
        <ele>1372.0</ele>
      </trkpt>
      <trkpt lat="44.14630850431362" lon="5.334463119506833">
        <ele>1373.0</ele>
      </trkpt>
      <trkpt lat="44.146503535090396" lon="5.334463119506835">
        <ele>1375.0</ele>
      </trkpt>
      <trkpt lat="44.14669856588731" lon="5.334463119506833">
        <ele>1376.0</ele>
      </trkpt>
      <trkpt lat="44.1468935967044" lon="5.334463119506835">
        <ele>1377.0</ele>
      </trkpt>
      <trkpt lat="44.147112039697596" lon="5.334414841043006">
        <ele>1378.0</ele>
      </trkpt>
      <trkpt lat="44.14733048269485" lon="5.334366562208203">
        <ele>1379.0</ele>
      </trkpt>
      <trkpt lat="44.1475489256961" lon="5.334318283002421">
        <ele>1380.0</ele>
      </trkpt>
      <trkpt lat="44.14776736870136" lon="5.334270003425657">
        <ele>1382.0</ele>
      </trkpt>
      <trkpt lat="44.14798581171064" lon="5.334221723477907">
        <ele>1383.0</ele>
      </trkpt>
      <trkpt lat="44.148204254723936" lon="5.334173443159164">
        <ele>1384.0</ele>
      </trkpt>
      <trkpt lat="44.14842269774123" lon="5.334125162469428">
        <ele>1385.0</ele>
      </trkpt>
      <trkpt lat="44.148641140762514" lon="5.3340768814086905">
        <ele>1387.0</ele>
      </trkpt>
      <trkpt lat="44.148848994982906" lon="5.334098339080809">
        <ele>1389.0</ele>
      </trkpt>
      <trkpt lat="44.14901065887049" lon="5.334173440933227">
        <ele>1391.0</ele>
      </trkpt>
      <trkpt lat="44.1491684729921" lon="5.334237813770901">
        <ele>1392.0</ele>
      </trkpt>
      <trkpt lat="44.1493262870891" lon="5.3343021869659415">
        <ele>1394.0</ele>
      </trkpt>
      <trkpt lat="44.149449458618996" lon="5.334136963938363">
        <ele>1395.0</ele>
      </trkpt>
      <trkpt lat="44.14933398580549" lon="5.333908223085709">
        <ele>1396.0</ele>
      </trkpt>
      <trkpt lat="44.14921851252194" lon="5.333679483162214">
        <ele>1396.0</ele>
      </trkpt>
      <trkpt lat="44.14910303876836" lon="5.33345074416788">
        <ele>1396.0</ele>
      </trkpt>
      <trkpt lat="44.14898756454474" lon="5.3332220061027">
        <ele>1396.0</ele>
      </trkpt>
      <trkpt lat="44.14887208985109" lon="5.332993268966674">
        <ele>1396.0</ele>
      </trkpt>
      <trkpt lat="44.14886439156271" lon="5.332810878753661">
        <ele>1395.0</ele>
      </trkpt>
      <trkpt lat="44.148987564056505" lon="5.332660675048826">
        <ele>1395.0</ele>
      </trkpt>
      <trkpt lat="44.14916077468011" lon="5.332644581843768">
        <ele>1395.0</ele>
      </trkpt>
      <trkpt lat="44.149333985317256" lon="5.332628488540649">
        <ele>1396.0</ele>
      </trkpt>
      <trkpt lat="44.14943406219181" lon="5.332403182983398">
        <ele>1397.0</ele>
      </trkpt>
      <trkpt lat="44.1493917222957" lon="5.332140326304185">
        <ele>1398.0</ele>
      </trkpt>
      <trkpt lat="44.14934938177051" lon="5.331877470016479">
        <ele>1398.0</ele>
      </trkpt>
      <trkpt lat="44.14929292842549" lon="5.331670045440735">
        <ele>1399.0</ele>
      </trkpt>
      <trkpt lat="44.1492364746898" lon="5.331462621276916">
        <ele>1400.0</ele>
      </trkpt>
      <trkpt lat="44.14918002056348" lon="5.3312551975250235">
        <ele>1400.0</ele>
      </trkpt>
      <trkpt lat="44.14911997514686" lon="5.331012724805743">
        <ele>1401.0</ele>
      </trkpt>
      <trkpt lat="44.14905992919604" lon="5.330770252598626">
        <ele>1401.0</ele>
      </trkpt>
      <trkpt lat="44.14899988271106" lon="5.330527780903676">
        <ele>1401.0</ele>
      </trkpt>
      <trkpt lat="44.14893983569186" lon="5.330285309720897">
        <ele>1401.0</ele>
      </trkpt>
      <trkpt lat="44.14887978813847" lon="5.330042839050292">
        <ele>1400.0</ele>
      </trkpt>
      <trkpt lat="44.14890288497988" lon="5.3297460085222">
        <ele>1400.0</ele>
      </trkpt>
      <trkpt lat="44.14892598101814" lon="5.329449177752942">
        <ele>1401.0</ele>
      </trkpt>
      <trkpt lat="44.148949076253245" lon="5.329152346742524">
        <ele>1401.0</ele>
      </trkpt>
      <trkpt lat="44.14897217068525" lon="5.328855515490958">
        <ele>1402.0</ele>
      </trkpt>
      <trkpt lat="44.14899526431408" lon="5.3285586839982475">
        <ele>1402.0</ele>
      </trkpt>
      <trkpt lat="44.149018357139795" lon="5.3282618522644025">
        <ele>1402.0</ele>
      </trkpt>
      <trkpt lat="44.14893880888933" lon="5.3279864780349575">
        <ele>1402.0</ele>
      </trkpt>
      <trkpt lat="44.14885925995076" lon="5.327711104576094">
        <ele>1401.0</ele>
      </trkpt>
      <trkpt lat="44.1487797103241" lon="5.327435731887817">
        <ele>1400.0</ele>
      </trkpt>
      <trkpt lat="44.14876816308182" lon="5.327221155123044">
        <ele>1399.0</ele>
      </trkpt>
      <trkpt lat="44.148756615419785" lon="5.327006578445434">
        <ele>1398.0</ele>
      </trkpt>
      <trkpt lat="44.14887593893402" lon="5.3268885614964665">
        <ele>1397.0</ele>
      </trkpt>
      <trkpt lat="44.1489952623288" lon="5.326770544052123">
        <ele>1397.0</ele>
      </trkpt>
      <trkpt lat="44.149208246732066" lon="5.326851367694128">
        <ele>1397.0</ele>
      </trkpt>
      <trkpt lat="44.14942123109978" lon="5.326932191941688">
        <ele>1397.0</ele>
      </trkpt>
      <trkpt lat="44.14963421543191" lon="5.327013016794807">
        <ele>1397.0</ele>
      </trkpt>
      <trkpt lat="44.149803574484366" lon="5.32710399603098">
        <ele>1397.0</ele>
      </trkpt>
      <trkpt lat="44.14997293347651" lon="5.32719497580918">
        <ele>1398.0</ele>
      </trkpt>
      <trkpt lat="44.150142292408354" lon="5.327285956129411">
        <ele>1399.0</ele>
      </trkpt>
      <trkpt lat="44.15031165127989" lon="5.327376936991683">
        <ele>1400.0</ele>
      </trkpt>
      <trkpt lat="44.150481010091106" lon="5.327467918395997">
        <ele>1401.0</ele>
      </trkpt>
      <trkpt lat="44.15066730214855" lon="5.32753229056862">
        <ele>1402.0</ele>
      </trkpt>
      <trkpt lat="44.150853594186565" lon="5.327596663163106">
        <ele>1403.0</ele>
      </trkpt>
      <trkpt lat="44.15103988620513" lon="5.327661036179462">
        <ele>1403.0</ele>
      </trkpt>
      <trkpt lat="44.151226178204254" lon="5.327725409617685">
        <ele>1404.0</ele>
      </trkpt>
      <trkpt lat="44.15141247018393" lon="5.327789783477782">
        <ele>1404.0</ele>
      </trkpt>
      <trkpt lat="44.15160645706726" lon="5.3278155323328855">
        <ele>1405.0</ele>
      </trkpt>
      <trkpt lat="44.15180044396443" lon="5.327841281363707">
        <ele>1405.0</ele>
      </trkpt>
      <trkpt lat="44.151994430875426" lon="5.327867030570249">
        <ele>1405.0</ele>
      </trkpt>
      <trkpt lat="44.15218841780028" lon="5.327892779952512">
        <ele>1405.0</ele>
      </trkpt>
      <trkpt lat="44.15238240473896" lon="5.327918529510497">
        <ele>1405.0</ele>
      </trkpt>
      <trkpt lat="44.15258832022202" lon="5.327915847330626">
        <ele>1405.0</ele>
      </trkpt>
      <trkpt lat="44.15279423572742" lon="5.327913165131327">
        <ele>1406.0</ele>
      </trkpt>
      <trkpt lat="44.15300015125516" lon="5.327910482912598">
        <ele>1407.0</ele>
      </trkpt>
      <trkpt lat="44.15320606680522" lon="5.3279078006744385">
        <ele>1408.0</ele>
      </trkpt>
      <trkpt lat="44.15327534626797" lon="5.327816605567932">
        <ele>1409.0</ele>
      </trkpt>
      <trkpt lat="44.15328681085641" lon="5.327732012732697">
        <ele>1409.0</ele>
      </trkpt>
      <trkpt lat="44.153289835803214" lon="5.3276887776399935">
        <ele>1410.0</ele>
      </trkpt>
      <trkpt lat="44.153283438663514" lon="5.327643745880003">
        <ele>1410.0</ele>
      </trkpt>
      <trkpt lat="44.153270219693816" lon="5.327606261573846">
        <ele>1410.0</ele>
      </trkpt>
      <trkpt lat="44.15324562313665" lon="5.327569511993414">
        <ele>1410.0</ele>
      </trkpt>
      <trkpt lat="44.153208593624385" lon="5.327537401116677">
        <ele>1409.0</ele>
      </trkpt>
      <trkpt lat="44.15316278139771" lon="5.327515368856905">
        <ele>1409.0</ele>
      </trkpt>
      <trkpt lat="44.153119736167" lon="5.327496098905017">
        <ele>1409.0</ele>
      </trkpt>
      <trkpt lat="44.1530861795063" lon="5.327476001890946">
        <ele>1409.0</ele>
      </trkpt>
      <trkpt lat="44.15303098384737" lon="5.327450861467533">
        <ele>1409.0</ele>
      </trkpt>
      <trkpt lat="44.15288166872227" lon="5.327368370102613">
        <ele>1409.0</ele>
      </trkpt>
      <trkpt lat="44.15276324297829" lon="5.327299278144129">
        <ele>1409.0</ele>
      </trkpt>
      <trkpt lat="44.15262622182041" lon="5.327217418541808">
        <ele>1410.0</ele>
      </trkpt>
      <trkpt lat="44.152478590356" lon="5.327142906582349">
        <ele>1410.0</ele>
      </trkpt>
      <trkpt lat="44.15233035792353" lon="5.327055215853709">
        <ele>1410.0</ele>
      </trkpt>
      <trkpt lat="44.15223442118747" lon="5.326995150318357">
        <ele>1410.0</ele>
      </trkpt>
      <trkpt lat="44.15209291052478" lon="5.326903855990732">
        <ele>1410.0</ele>
      </trkpt>
      <trkpt lat="44.152005684472506" lon="5.326836335939198">
        <ele>1409.0</ele>
      </trkpt>
      <trkpt lat="44.1519621100729" lon="5.326801264377738">
        <ele>1409.0</ele>
      </trkpt>
      <trkpt lat="44.15186451722704" lon="5.326731909499642">
        <ele>1409.0</ele>
      </trkpt>
      <trkpt lat="44.151820804274784" lon="5.326702092706495">
        <ele>1409.0</ele>
      </trkpt>
      <trkpt lat="44.151779924656374" lon="5.3266724219634405">
        <ele>1409.0</ele>
      </trkpt>
      <trkpt lat="44.15174485578938" lon="5.3266377813976575">
        <ele>1409.0</ele>
      </trkpt>
      <trkpt lat="44.151708274826525" lon="5.326588596373773">
        <ele>1409.0</ele>
      </trkpt>
      <trkpt lat="44.15165897022707" lon="5.326519050180166">
        <ele>1409.0</ele>
      </trkpt>
      <trkpt lat="44.151612332733876" lon="5.326456209232474">
        <ele>1409.0</ele>
      </trkpt>
      <trkpt lat="44.15156201691865" lon="5.326389248255223">
        <ele>1409.0</ele>
      </trkpt>
      <trkpt lat="44.151502589226475" lon="5.326308670039952">
        <ele>1410.0</ele>
      </trkpt>
      <trkpt lat="44.151449038687076" lon="5.326220498465463">
        <ele>1410.0</ele>
      </trkpt>
      <trkpt lat="44.15144454915384" lon="5.326211069905439">
        <ele>1410.0</ele>
      </trkpt>
      <trkpt lat="44.15139919929118" lon="5.326135150334039">
        <ele>1411.0</ele>
      </trkpt>
      <trkpt lat="44.1513579428329" lon="5.326047602294896">
        <ele>1411.0</ele>
      </trkpt>
      <trkpt lat="44.151317730662115" lon="5.325956157582149">
        <ele>1412.0</ele>
      </trkpt>
      <trkpt lat="44.15127066334037" lon="5.325873579701417">
        <ele>1412.0</ele>
      </trkpt>
      <trkpt lat="44.15121893483808" lon="5.325788132336953">
        <ele>1412.0</ele>
      </trkpt>
      <trkpt lat="44.151165178954656" lon="5.325707839868981">
        <ele>1412.0</ele>
      </trkpt>
      <trkpt lat="44.15110872258652" lon="5.325622154340888">
        <ele>1412.0</ele>
      </trkpt>
      <trkpt lat="44.15105163165417" lon="5.32552460945088">
        <ele>1412.0</ele>
      </trkpt>
      <trkpt lat="44.150999697971166" lon="5.3254470408874335">
        <ele>1412.0</ele>
      </trkpt>
      <trkpt lat="44.15093803183741" lon="5.325379504608927">
        <ele>1412.0</ele>
      </trkpt>
      <trkpt lat="44.15087816038815" lon="5.3253159964197065">
        <ele>1412.0</ele>
      </trkpt>
      <trkpt lat="44.150819022945676" lon="5.325260419915227">
        <ele>1412.0</ele>
      </trkpt>
      <trkpt lat="44.150766778958875" lon="5.325194672733143">
        <ele>1412.0</ele>
      </trkpt>
      <trkpt lat="44.15070903436379" lon="5.325122074790508">
        <ele>1412.0</ele>
      </trkpt>
      <trkpt lat="44.15064372864137" lon="5.325049092651528">
        <ele>1412.0</ele>
      </trkpt>
      <trkpt lat="44.15058864579327" lon="5.3249831997285275">
        <ele>1411.0</ele>
      </trkpt>
      <trkpt lat="44.15047635813016" lon="5.324860519593537">
        <ele>1411.0</ele>
      </trkpt>
      <trkpt lat="44.15039707389013" lon="5.324778944778854">
        <ele>1411.0</ele>
      </trkpt>
      <trkpt lat="44.150319817019295" lon="5.324692207994242">
        <ele>1411.0</ele>
      </trkpt>
      <trkpt lat="44.15024491712222" lon="5.3246240045374185">
        <ele>1411.0</ele>
      </trkpt>
      <trkpt lat="44.15016336183221" lon="5.324556782188487">
        <ele>1411.0</ele>
      </trkpt>
      <trkpt lat="44.15009119555374" lon="5.324492660366535">
        <ele>1411.0</ele>
      </trkpt>
      <trkpt lat="44.15000859604743" lon="5.324429327629687">
        <ele>1411.0</ele>
      </trkpt>
      <trkpt lat="44.14993075746094" lon="5.324364921651481">
        <ele>1410.0</ele>
      </trkpt>
      <trkpt lat="44.14986203123652" lon="5.324314117494824">
        <ele>1410.0</ele>
      </trkpt>
      <trkpt lat="44.149782436595096" lon="5.3242443649467495">
        <ele>1409.0</ele>
      </trkpt>
      <trkpt lat="44.14970162076835" lon="5.324185067794001">
        <ele>1409.0</ele>
      </trkpt>
      <trkpt lat="44.14963401041988" lon="5.324127751494155">
        <ele>1409.0</ele>
      </trkpt>
      <trkpt lat="44.149575010810466" lon="5.3240669230418245">
        <ele>1409.0</ele>
      </trkpt>
      <trkpt lat="44.14950378876804" lon="5.324002848627964">
        <ele>1409.0</ele>
      </trkpt>
      <trkpt lat="44.14943732763818" lon="5.323937700922794">
        <ele>1410.0</ele>
      </trkpt>
      <trkpt lat="44.14937076669053" lon="5.323876496195968">
        <ele>1410.0</ele>
      </trkpt>
      <trkpt lat="44.14928718375511" lon="5.323814430591118">
        <ele>1410.0</ele>
      </trkpt>
      <trkpt lat="44.14920602993975" lon="5.323768267065243">
        <ele>1410.0</ele>
      </trkpt>
      <trkpt lat="44.14911548720113" lon="5.323718996019886">
        <ele>1410.0</ele>
      </trkpt>
      <trkpt lat="44.149021365834045" lon="5.323661662556966">
        <ele>1410.0</ele>
      </trkpt>
      <trkpt lat="44.1489290724309" lon="5.323607045268395">
        <ele>1410.0</ele>
      </trkpt>
      <trkpt lat="44.14883282419122" lon="5.323558802077333">
        <ele>1410.0</ele>
      </trkpt>
      <trkpt lat="44.14875180310027" lon="5.323507392236334">
        <ele>1410.0</ele>
      </trkpt>
      <trkpt lat="44.148679049751415" lon="5.323465594876905">
        <ele>1410.0</ele>
      </trkpt>
      <trkpt lat="44.1486559311664" lon="5.323444705451096">
        <ele>1410.0</ele>
      </trkpt>
      <trkpt lat="44.14860543678719" lon="5.32338430897428">
        <ele>1411.0</ele>
      </trkpt>
      <trkpt lat="44.148547348096436" lon="5.323324840262197">
        <ele>1411.0</ele>
      </trkpt>
      <trkpt lat="44.14850101860553" lon="5.323250192508895">
        <ele>1411.0</ele>
      </trkpt>
      <trkpt lat="44.14845583831614" lon="5.323167713175429">
        <ele>1412.0</ele>
      </trkpt>
      <trkpt lat="44.14841370160822" lon="5.323077494709053">
        <ele>1412.0</ele>
      </trkpt>
      <trkpt lat="44.148386349300104" lon="5.323001176799477">
        <ele>1412.0</ele>
      </trkpt>
      <trkpt lat="44.14835491675367" lon="5.322899668085147">
        <ele>1413.0</ele>
      </trkpt>
      <trkpt lat="44.148327405687866" lon="5.322793097319922">
        <ele>1413.0</ele>
      </trkpt>
      <trkpt lat="44.148308715349444" lon="5.3226751366669">
        <ele>1413.0</ele>
      </trkpt>
      <trkpt lat="44.14830228051219" lon="5.322559110046713">
        <ele>1413.0</ele>
      </trkpt>
      <trkpt lat="44.14829657995486" lon="5.322451007118614">
        <ele>1413.0</ele>
      </trkpt>
      <trkpt lat="44.14829949539456" lon="5.322339391961104">
        <ele>1413.0</ele>
      </trkpt>
      <trkpt lat="44.14832229920962" lon="5.32222747134438">
        <ele>1413.0</ele>
      </trkpt>
      <trkpt lat="44.14835027874407" lon="5.322098714179106">
        <ele>1413.0</ele>
      </trkpt>
      <trkpt lat="44.14838642090803" lon="5.32198351149717">
        <ele>1413.0</ele>
      </trkpt>
      <trkpt lat="44.148435696567056" lon="5.321872919575308">
        <ele>1413.0</ele>
      </trkpt>
      <trkpt lat="44.14849081566667" lon="5.321756053121802">
        <ele>1414.0</ele>
      </trkpt>
      <trkpt lat="44.148554048845234" lon="5.32161855307153">
        <ele>1414.0</ele>
      </trkpt>
      <trkpt lat="44.14861349861178" lon="5.3214808606774">
        <ele>1414.0</ele>
      </trkpt>
      <trkpt lat="44.14867683653775" lon="5.321339417462482">
        <ele>1414.0</ele>
      </trkpt>
      <trkpt lat="44.14872930536391" lon="5.3211790263551455">
        <ele>1414.0</ele>
      </trkpt>
      <trkpt lat="44.14877852602032" lon="5.321034244741447">
        <ele>1415.0</ele>
      </trkpt>
      <trkpt lat="44.14882241707233" lon="5.320876046529585">
        <ele>1415.0</ele>
      </trkpt>
      <trkpt lat="44.14885860857228" lon="5.320722718659748">
        <ele>1415.0</ele>
      </trkpt>
      <trkpt lat="44.148898959062564" lon="5.3205551385788565">
        <ele>1415.0</ele>
      </trkpt>
      <trkpt lat="44.1489064657922" lon="5.320521333909155">
        <ele>1415.0</ele>
      </trkpt>
      <trkpt lat="44.14893122865035" lon="5.320406872680506">
        <ele>1415.0</ele>
      </trkpt>
      <trkpt lat="44.14894043710027" lon="5.3203442262424145">
        <ele>1415.0</ele>
      </trkpt>
      <trkpt lat="44.14895469084645" lon="5.3201608659120625">
        <ele>1415.0</ele>
      </trkpt>
      <trkpt lat="44.148961537049026" lon="5.320007382458167">
        <ele>1416.0</ele>
      </trkpt>
      <trkpt lat="44.14896023632286" lon="5.319875829514687">
        <ele>1416.0</ele>
      </trkpt>
      <trkpt lat="44.14895633959722" lon="5.319734948761758">
        <ele>1416.0</ele>
      </trkpt>
      <trkpt lat="44.14895398901666" lon="5.319607292371646">
        <ele>1416.0</ele>
      </trkpt>
      <trkpt lat="44.148952002483185" lon="5.319502003946095">
        <ele>1416.0</ele>
      </trkpt>
      <trkpt lat="44.14895053946813" lon="5.31944934431998">
        <ele>1416.0</ele>
      </trkpt>
      <trkpt lat="44.148931690381666" lon="5.3193734495609695">
        <ele>1416.0</ele>
      </trkpt>
      <trkpt lat="44.14890818519857" lon="5.319294693598154">
        <ele>1416.0</ele>
      </trkpt>
      <trkpt lat="44.14890018348669" lon="5.319202253532704">
        <ele>1415.0</ele>
      </trkpt>
      <trkpt lat="44.14889927922402" lon="5.31909175691203">
        <ele>1415.0</ele>
      </trkpt>
      <trkpt lat="44.148900849134534" lon="5.31895904569507">
        <ele>1414.0</ele>
      </trkpt>
      <trkpt lat="44.14890416990157" lon="5.318831673396998">
        <ele>1414.0</ele>
      </trkpt>
      <trkpt lat="44.14890847487417" lon="5.318521592346419">
        <ele>1414.0</ele>
      </trkpt>
      <trkpt lat="44.14890955885371" lon="5.3182803750222405">
        <ele>1413.0</ele>
      </trkpt>
      <trkpt lat="44.14891063508954" lon="5.318040763995239">
        <ele>1413.0</ele>
      </trkpt>
      <trkpt lat="44.14890955885371" lon="5.3182803750222405">
        <ele>1413.0</ele>
      </trkpt>
      <trkpt lat="44.14890847487417" lon="5.318521592346419">
        <ele>1414.0</ele>
      </trkpt>
      <trkpt lat="44.14890416990157" lon="5.318831673396998">
        <ele>1414.0</ele>
      </trkpt>
      <trkpt lat="44.148900849134534" lon="5.31895904569507">
        <ele>1414.0</ele>
      </trkpt>
      <trkpt lat="44.14889927922402" lon="5.31909175691203">
        <ele>1415.0</ele>
      </trkpt>
      <trkpt lat="44.14890018348669" lon="5.319202253532704">
        <ele>1415.0</ele>
      </trkpt>
      <trkpt lat="44.14890818519857" lon="5.319294693598154">
        <ele>1416.0</ele>
      </trkpt>
      <trkpt lat="44.148931690381666" lon="5.3193734495609695">
        <ele>1416.0</ele>
      </trkpt>
      <trkpt lat="44.14895053946813" lon="5.31944934431998">
        <ele>1416.0</ele>
      </trkpt>
      <trkpt lat="44.148949071188326" lon="5.319396676979217">
        <ele>1416.0</ele>
      </trkpt>
      <trkpt lat="44.14894971332614" lon="5.3192994120916595">
        <ele>1416.0</ele>
      </trkpt>
      <trkpt lat="44.14897002913637" lon="5.319036770310278">
        <ele>1416.0</ele>
      </trkpt>
      <trkpt lat="44.14899034431783" lon="5.3187741283412">
        <ele>1416.0</ele>
      </trkpt>
      <trkpt lat="44.14901065887048" lon="5.318511486184432">
        <ele>1416.0</ele>
      </trkpt>
      <trkpt lat="44.14906967925469" lon="5.318300486180003">
        <ele>1416.0</ele>
      </trkpt>
      <trkpt lat="44.14912869923476" lon="5.318089485737497">
        <ele>1416.0</ele>
      </trkpt>
      <trkpt lat="44.14918771881073" lon="5.3178784848569185">
        <ele>1416.0</ele>
      </trkpt>
      <trkpt lat="44.149264701227764" lon="5.317785143852232">
        <ele>1415.0</ele>
      </trkpt>
      <trkpt lat="44.149387872886166" lon="5.317685365807847">
        <ele>1415.0</ele>
      </trkpt>
      <trkpt lat="44.14957647899001" lon="5.317672491073607">
        <ele>1415.0</ele>
      </trkpt>
      <trkpt lat="44.14976970216525" lon="5.317737077801753">
        <ele>1415.0</ele>
      </trkpt>
      <trkpt lat="44.149962925322185" lon="5.317801664968911">
        <ele>1415.0</ele>
      </trkpt>
      <trkpt lat="44.15015614846086" lon="5.317866252575082">
        <ele>1415.0</ele>
      </trkpt>
      <trkpt lat="44.15034937158122" lon="5.317930840620272">
        <ele>1415.0</ele>
      </trkpt>
      <trkpt lat="44.15054259468331" lon="5.317995429104484">
        <ele>1415.0</ele>
      </trkpt>
      <trkpt lat="44.150735045834125" lon="5.318086623902288">
        <ele>1415.0</ele>
      </trkpt>
      <trkpt lat="44.150927496928695" lon="5.318177819317496">
        <ele>1416.0</ele>
      </trkpt>
      <trkpt lat="44.15110455111867" lon="5.318328023022331">
        <ele>1416.0</ele>
      </trkpt>
      <trkpt lat="44.151295075576094" lon="5.318475543035024">
        <ele>1417.0</ele>
      </trkpt>
      <trkpt lat="44.15148559985424" lon="5.318623064036462">
        <ele>1418.0</ele>
      </trkpt>
      <trkpt lat="44.151676123953145" lon="5.318770586026653">
        <ele>1419.0</ele>
      </trkpt>
      <trkpt lat="44.15186664787281" lon="5.318918109005607">
        <ele>1419.0</ele>
      </trkpt>
      <trkpt lat="44.15201963454837" lon="5.318872741340772">
        <ele>1419.0</ele>
      </trkpt>
      <trkpt lat="44.152046482578726" lon="5.31885962423247">
        <ele>1419.0</ele>
      </trkpt>
      <trkpt lat="44.15208008520055" lon="5.3188415974544165">
        <ele>1419.0</ele>
      </trkpt>
      <trkpt lat="44.15212153077519" lon="5.3188134376072895">
        <ele>1419.0</ele>
      </trkpt>
      <trkpt lat="44.15216814611934" lon="5.318768447103773">
        <ele>1420.0</ele>
      </trkpt>
      <trkpt lat="44.1522075373519" lon="5.318709947288522">
        <ele>1421.0</ele>
      </trkpt>
      <trkpt lat="44.15223117124902" lon="5.318638813186151">
        <ele>1421.0</ele>
      </trkpt>
      <trkpt lat="44.15223946734554" lon="5.318574804944994">
        <ele>1422.0</ele>
      </trkpt>
      <trkpt lat="44.152242350707986" lon="5.31853681732434">
        <ele>1423.0</ele>
      </trkpt>
      <trkpt lat="44.15224018059807" lon="5.318474903450114">
        <ele>1423.0</ele>
      </trkpt>
      <trkpt lat="44.152227709860014" lon="5.318408532256045">
        <ele>1424.0</ele>
      </trkpt>
      <trkpt lat="44.152225467384866" lon="5.318383237586313">
        <ele>1424.0</ele>
      </trkpt>
      <trkpt lat="44.15222478277942" lon="5.31837551538764">
        <ele>1425.0</ele>
      </trkpt>
      <trkpt lat="44.15220683514476" lon="5.3183087230620805">
        <ele>1425.0</ele>
      </trkpt>
      <trkpt lat="44.15220580019508" lon="5.31830487149105">
        <ele>1426.0</ele>
      </trkpt>
      <trkpt lat="44.1521876903909" lon="5.318236897139713">
        <ele>1427.0</ele>
      </trkpt>
      <trkpt lat="44.15217376124401" lon="5.318190179527705">
        <ele>1427.0</ele>
      </trkpt>
      <trkpt lat="44.15212697558288" lon="5.318060276010203">
        <ele>1428.0</ele>
      </trkpt>
      <trkpt lat="44.15208880019191" lon="5.317926866829933">
        <ele>1428.0</ele>
      </trkpt>
      <trkpt lat="44.1520445215628" lon="5.317773428504496">
        <ele>1429.0</ele>
      </trkpt>
      <trkpt lat="44.151975316948715" lon="5.317522750860975">
        <ele>1430.0</ele>
      </trkpt>
      <trkpt lat="44.1519327609575" lon="5.317375971879109">
        <ele>1430.0</ele>
      </trkpt>
      <trkpt lat="44.15188901201735" lon="5.317238336810046">
        <ele>1431.0</ele>
      </trkpt>
      <trkpt lat="44.151832907620395" lon="5.317102712062354">
        <ele>1432.0</ele>
      </trkpt>
      <trkpt lat="44.151777813811336" lon="5.3169645099183045">
        <ele>1432.0</ele>
      </trkpt>
      <trkpt lat="44.15173001040088" lon="5.316837193255828">
        <ele>1433.0</ele>
      </trkpt>
      <trkpt lat="44.151675385945865" lon="5.316717417848491">
        <ele>1434.0</ele>
      </trkpt>
      <trkpt lat="44.15163024444654" lon="5.316596813565392">
        <ele>1435.0</ele>
      </trkpt>
      <trkpt lat="44.151607129307486" lon="5.316536790869479">
        <ele>1436.0</ele>
      </trkpt>
      <trkpt lat="44.15158325264119" lon="5.316474790868516">
        <ele>1436.0</ele>
      </trkpt>
      <trkpt lat="44.151550201047286" lon="5.316362678856968">
        <ele>1437.0</ele>
      </trkpt>
      <trkpt lat="44.15151752473108" lon="5.316236122287802">
        <ele>1437.0</ele>
      </trkpt>
      <trkpt lat="44.15151726074688" lon="5.316235088767637">
        <ele>1438.0</ele>
      </trkpt>
      <trkpt lat="44.151483163504935" lon="5.316101595622818">
        <ele>1438.0</ele>
      </trkpt>
      <trkpt lat="44.15144546599368" lon="5.315949801833244">
        <ele>1438.0</ele>
      </trkpt>
      <trkpt lat="44.15140083491832" lon="5.315789377851324">
        <ele>1439.0</ele>
      </trkpt>
      <trkpt lat="44.15139612501067" lon="5.315772448407156">
        <ele>1439.0</ele>
      </trkpt>
      <trkpt lat="44.1513536188945" lon="5.315605293869545">
        <ele>1440.0</ele>
      </trkpt>
      <trkpt lat="44.15131111252454" lon="5.315438139581883">
        <ele>1440.0</ele>
      </trkpt>
      <trkpt lat="44.15130144352794" lon="5.315386844860366">
        <ele>1441.0</ele>
      </trkpt>
      <trkpt lat="44.151282836518526" lon="5.315288133745376">
        <ele>1442.0</ele>
      </trkpt>
      <trkpt lat="44.151257012859695" lon="5.315152725392796">
        <ele>1442.0</ele>
      </trkpt>
      <trkpt lat="44.15123395161395" lon="5.315056892403864">
        <ele>1443.0</ele>
      </trkpt>
      <trkpt lat="44.15122956598366" lon="5.31504352201064">
        <ele>1444.0</ele>
      </trkpt>
      <trkpt lat="44.15118377707359" lon="5.314947866478699">
        <ele>1444.0</ele>
      </trkpt>
      <trkpt lat="44.15116595857597" lon="5.314904894137744">
        <ele>1445.0</ele>
      </trkpt>
      <trkpt lat="44.15112557130628" lon="5.314820031721158">
        <ele>1445.0</ele>
      </trkpt>
      <trkpt lat="44.15107828621891" lon="5.314745333826251">
        <ele>1445.0</ele>
      </trkpt>
      <trkpt lat="44.15107232813989" lon="5.314737083894133">
        <ele>1445.0</ele>
      </trkpt>
      <trkpt lat="44.151028035019664" lon="5.314675752925777">
        <ele>1445.0</ele>
      </trkpt>
      <trkpt lat="44.15100630061207" lon="5.3146378439725295">
        <ele>1445.0</ele>
      </trkpt>
      <trkpt lat="44.15098183212555" lon="5.314595854191076">
        <ele>1445.0</ele>
      </trkpt>
      <trkpt lat="44.15097717457031" lon="5.314583781057237">
        <ele>1445.0</ele>
      </trkpt>
      <trkpt lat="44.150944587106544" lon="5.314499309249784">
        <ele>1446.0</ele>
      </trkpt>
      <trkpt lat="44.150923888733615" lon="5.314385188979057">
        <ele>1446.0</ele>
      </trkpt>
      <trkpt lat="44.15092000002228" lon="5.3143385954965146">
        <ele>1447.0</ele>
      </trkpt>
      <trkpt lat="44.1509200000105" lon="5.31423618603979">
        <ele>1447.0</ele>
      </trkpt>
      <trkpt lat="44.15091999999988" lon="5.314219999999997">
        <ele>1447.0</ele>
      </trkpt>
      <trkpt lat="44.1509215175788" lon="5.314215953134661">
        <ele>1448.0</ele>
      </trkpt>
      <trkpt lat="44.15092175129028" lon="5.3142128371833595">
        <ele>1448.0</ele>
      </trkpt>
      <trkpt lat="44.15094382971141" lon="5.314128485439959">
        <ele>1449.0</ele>
      </trkpt>
      <trkpt lat="44.150973906388266" lon="5.314064246815076">
        <ele>1449.0</ele>
      </trkpt>
      <trkpt lat="44.151105624094754" lon="5.313855371562593">
        <ele>1450.0</ele>
      </trkpt>
      <trkpt lat="44.15123734141259" lon="5.313646495342254">
        <ele>1452.0</ele>
      </trkpt>
      <trkpt lat="44.151417281179114" lon="5.3135362569661355">
        <ele>1453.0</ele>
      </trkpt>
      <trkpt lat="44.15159722085195" lon="5.313426017892197">
        <ele>1455.0</ele>
      </trkpt>
      <trkpt lat="44.151739632257446" lon="5.3134560587543636">
        <ele>1456.0</ele>
      </trkpt>
      <trkpt lat="44.1518820436654" lon="5.313486099767031">
        <ele>1458.0</ele>
      </trkpt>
      <trkpt lat="44.15209758359131" lon="5.3135690686288175">
        <ele>1459.0</ele>
      </trkpt>
      <trkpt lat="44.152313123479" lon="5.313652038119718">
        <ele>1461.0</ele>
      </trkpt>
      <trkpt lat="44.15252866332845" lon="5.313735008239747">
        <ele>1463.0</ele>
      </trkpt>
      <trkpt lat="44.15267748741436" lon="5.313920973757804">
        <ele>1465.0</ele>
      </trkpt>
      <trkpt lat="44.15282631119668" lon="5.314106940249503">
        <ele>1466.0</ele>
      </trkpt>
      <trkpt lat="44.15297513467532" lon="5.314292907714845">
        <ele>1468.0</ele>
      </trkpt>
      <trkpt lat="44.153123957391756" lon="5.314381599136541">
        <ele>1469.0</ele>
      </trkpt>
      <trkpt lat="44.15327278004814" lon="5.314470291022587">
        <ele>1471.0</ele>
      </trkpt>
      <trkpt lat="44.15342160264451" lon="5.314558983372991">
        <ele>1472.0</ele>
      </trkpt>
      <trkpt lat="44.153602496631024" lon="5.314676997940981">
        <ele>1474.0</ele>
      </trkpt>
      <trkpt lat="44.15378339050783" lon="5.314795013260006">
        <ele>1475.0</ele>
      </trkpt>
      <trkpt lat="44.15396428427491" lon="5.314913029330071">
        <ele>1477.0</ele>
      </trkpt>
      <trkpt lat="44.154145177932264" lon="5.315031046151182">
        <ele>1479.0</ele>
      </trkpt>
      <trkpt lat="44.154326071479936" lon="5.3151490637233465">
        <ele>1482.0</ele>
      </trkpt>
      <trkpt lat="44.15450696491783" lon="5.315267082046572">
        <ele>1484.0</ele>
      </trkpt>
      <trkpt lat="44.154687858246014" lon="5.315385101120865">
        <ele>1486.0</ele>
      </trkpt>
      <trkpt lat="44.154868751464456" lon="5.315503120946231">
        <ele>1487.0</ele>
      </trkpt>
      <trkpt lat="44.154999608916675" lon="5.3153979778289795">
        <ele>1488.0</ele>
      </trkpt>
      <trkpt lat="44.15499191142754" lon="5.315159798192325">
        <ele>1489.0</ele>
      </trkpt>
      <trkpt lat="44.1548995416147" lon="5.314945221122482">
        <ele>1490.0</ele>
      </trkpt>
      <trkpt lat="44.154807171386544" lon="5.3147306447499405">
        <ele>1491.0</ele>
      </trkpt>
      <trkpt lat="44.15481333103684" lon="5.314430666518927">
        <ele>1492.0</ele>
      </trkpt>
      <trkpt lat="44.15481948986668" lon="5.314130688222913">
        <ele>1493.0</ele>
      </trkpt>
      <trkpt lat="44.15482564787609" lon="5.3138307098619055">
        <ele>1494.0</ele>
      </trkpt>
      <trkpt lat="44.15483180506504" lon="5.313530731435914">
        <ele>1495.0</ele>
      </trkpt>
      <trkpt lat="44.15483796143355" lon="5.313230752944946">
        <ele>1496.0</ele>
      </trkpt>
      <trkpt lat="44.1548841471834" lon="5.312994182817382">
        <ele>1497.0</ele>
      </trkpt>
      <trkpt lat="44.15493033242413" lon="5.31275761230543">
        <ele>1498.0</ele>
      </trkpt>
      <trkpt lat="44.154976517155696" lon="5.312521041409088">
        <ele>1499.0</ele>
      </trkpt>
      <trkpt lat="44.15502270137812" lon="5.31228447012836">
        <ele>1499.0</ele>
      </trkpt>
      <trkpt lat="44.15514586089996" lon="5.312231898683627">
        <ele>1500.0</ele>
      </trkpt>
      <trkpt lat="44.1552690204046" lon="5.3121793270111075">
        <ele>1500.0</ele>
      </trkpt>
      <trkpt lat="44.15541912037347" lon="5.312232971049766">
        <ele>1501.0</ele>
      </trkpt>
      <trkpt lat="44.155569220327976" lon="5.312286615371703">
        <ele>1501.0</ele>
      </trkpt>
      <trkpt lat="44.15576396212836" lon="5.312399264677148">
        <ele>1502.0</ele>
      </trkpt>
      <trkpt lat="44.15595870383305" lon="5.312511914754391">
        <ele>1503.0</ele>
      </trkpt>
      <trkpt lat="44.156153445442015" lon="5.31262456560344">
        <ele>1504.0</ele>
      </trkpt>
      <trkpt lat="44.15634818695528" lon="5.312737217224301">
        <ele>1505.0</ele>
      </trkpt>
      <trkpt lat="44.15654292837281" lon="5.312849869616984">
        <ele>1507.0</ele>
      </trkpt>
      <trkpt lat="44.15673766969463" lon="5.312962522781493">
        <ele>1508.0</ele>
      </trkpt>
      <trkpt lat="44.156932410920724" lon="5.313075176717838">
        <ele>1510.0</ele>
      </trkpt>
      <trkpt lat="44.1571271520511" lon="5.313187831426025">
        <ele>1512.0</ele>
      </trkpt>
      <trkpt lat="44.15732189308572" lon="5.313300486906063">
        <ele>1514.0</ele>
      </trkpt>
      <trkpt lat="44.157516634024645" lon="5.313413143157958">
        <ele>1516.0</ele>
      </trkpt>
      <trkpt lat="44.15768597130878" lon="5.313445329666136">
        <ele>1517.0</ele>
      </trkpt>
      <trkpt lat="44.15782451963433" lon="5.313228607701602">
        <ele>1519.0</ele>
      </trkpt>
      <trkpt lat="44.157816823182635" lon="5.312957525529131">
        <ele>1520.0</ele>
      </trkpt>
      <trkpt lat="44.15780912606096" lon="5.312686443430067">
        <ele>1521.0</ele>
      </trkpt>
      <trkpt lat="44.15780142826936" lon="5.312415361404417">
        <ele>1523.0</ele>
      </trkpt>
      <trkpt lat="44.157778337000984" lon="5.312259793218361">
        <ele>1524.0</ele>
      </trkpt>
      <trkpt lat="44.15775524551224" lon="5.3121042251586905">
        <ele>1525.0</ele>
      </trkpt>
      <trkpt lat="44.15770136567595" lon="5.311943292465262">
        <ele>1526.0</ele>
      </trkpt>
      <trkpt lat="44.15764748560506" lon="5.311782360076904">
        <ele>1527.0</ele>
      </trkpt>
      <trkpt lat="44.15758590870066" lon="5.3115892406094485">
        <ele>1529.0</ele>
      </trkpt>
      <trkpt lat="44.15752433145824" lon="5.311396121560378">
        <ele>1530.0</ele>
      </trkpt>
      <trkpt lat="44.157462753877795" lon="5.311203002929686">
        <ele>1532.0</ele>
      </trkpt>
      <trkpt lat="44.15744351135275" lon="5.310906887216141">
        <ele>1534.0</ele>
      </trkpt>
      <trkpt lat="44.15742426802849" lon="5.310610771703068">
        <ele>1536.0</ele>
      </trkpt>
      <trkpt lat="44.157462754822845" lon="5.31034255134635">
        <ele>1537.0</ele>
      </trkpt>
      <trkpt lat="44.15750124096208" lon="5.310074330626446">
        <ele>1539.0</ele>
      </trkpt>
      <trkpt lat="44.15753972644617" lon="5.309806109543366">
        <ele>1540.0</ele>
      </trkpt>
      <trkpt lat="44.157578211275116" lon="5.30953788809711">
        <ele>1541.0</ele>
      </trkpt>
      <trkpt lat="44.15765903156147" lon="5.309281469017912">
        <ele>1542.0</ele>
      </trkpt>
      <trkpt lat="44.157739851251826" lon="5.309025049209594">
        <ele>1544.0</ele>
      </trkpt>
      <trkpt lat="44.157882248029665" lon="5.3088158374305">
        <ele>1545.0</ele>
      </trkpt>
      <trkpt lat="44.15802464441913" lon="5.30860662460327">
        <ele>1547.0</ele>
      </trkpt>
      <trkpt lat="44.15820937421519" lon="5.308440328184757">
        <ele>1548.0</ele>
      </trkpt>
      <trkpt lat="44.15839410377708" lon="5.308274030685423">
        <ele>1550.0</ele>
      </trkpt>
      <trkpt lat="44.15854804409904" lon="5.308227539314303">
        <ele>1551.0</ele>
      </trkpt>
      <trkpt lat="44.1587019844138" lon="5.308181047691378">
        <ele>1553.0</ele>
      </trkpt>
      <trkpt lat="44.1588559247213" lon="5.30813455581665">
        <ele>1554.0</ele>
      </trkpt>
      <trkpt lat="44.15905604530828" lon="5.308130264487065">
        <ele>1555.0</ele>
      </trkpt>
      <trkpt lat="44.15925616591613" lon="5.308125973127262">
        <ele>1556.0</ele>
      </trkpt>
      <trkpt lat="44.159456286544916" lon="5.308121681737246">
        <ele>1558.0</ele>
      </trkpt>
      <trkpt lat="44.15965063214914" lon="5.30814099331311">
        <ele>1559.0</ele>
      </trkpt>
      <trkpt lat="44.15984497776984" lon="5.308160305021024">
        <ele>1561.0</ele>
      </trkpt>
      <trkpt lat="44.16003932340702" lon="5.30817961686099">
        <ele>1563.0</ele>
      </trkpt>
      <trkpt lat="44.160233669060645" lon="5.308198928833008">
        <ele>1565.0</ele>
      </trkpt>
      <trkpt lat="44.16029524347561" lon="5.3080058097839355">
        <ele>1566.0</ele>
      </trkpt>
      <trkpt lat="44.16026445627615" lon="5.307780504226684">
        <ele>1568.0</ele>
      </trkpt>
      <trkpt lat="44.1601797915873" lon="5.30759382209777">
        <ele>1569.0</ele>
      </trkpt>
      <trkpt lat="44.160095126584494" lon="5.307407140524958">
        <ele>1570.0</ele>
      </trkpt>
      <trkpt lat="44.16001046126774" lon="5.307220459508243">
        <ele>1571.0</ele>
      </trkpt>
      <trkpt lat="44.159938112294384" lon="5.306933354288832">
        <ele>1573.0</ele>
      </trkpt>
      <trkpt lat="44.15986576257226" lon="5.306646249800256">
        <ele>1574.0</ele>
      </trkpt>
      <trkpt lat="44.15979341210142" lon="5.306359146042525">
        <ele>1576.0</ele>
      </trkpt>
      <trkpt lat="44.15972106088185" lon="5.306072043015639">
        <ele>1577.0</ele>
      </trkpt>
      <trkpt lat="44.15964870891356" lon="5.3057849407196045">
        <ele>1579.0</ele>
      </trkpt>
      <trkpt lat="44.159637163877726" lon="5.305532813020997">
        <ele>1580.0</ele>
      </trkpt>
      <trkpt lat="44.15962561826244" lon="5.305280685424804">
        <ele>1582.0</ele>
      </trkpt>
      <trkpt lat="44.159679496752815" lon="5.305006027743939">
        <ele>1584.0</ele>
      </trkpt>
      <trkpt lat="44.159733374556986" lon="5.304731369542423">
        <ele>1586.0</ele>
      </trkpt>
      <trkpt lat="44.159797516796274" lon="5.304445626400179">
        <ele>1588.0</ele>
      </trkpt>
      <trkpt lat="44.15986165829333" lon="5.304159882613079">
        <ele>1590.0</ele>
      </trkpt>
      <trkpt lat="44.15992579904819" lon="5.30387413818113">
        <ele>1592.0</ele>
      </trkpt>
      <trkpt lat="44.15998993906083" lon="5.303588393104335">
        <ele>1593.0</ele>
      </trkpt>
      <trkpt lat="44.16005407833124" lon="5.303302647382702">
        <ele>1595.0</ele>
      </trkpt>
      <trkpt lat="44.1601182168594" lon="5.3030169010162345">
        <ele>1596.0</ele>
      </trkpt>
      <trkpt lat="44.16020801388091" lon="5.302787663450389">
        <ele>1598.0</ele>
      </trkpt>
      <trkpt lat="44.16029781042757" lon="5.302558425160282">
        <ele>1599.0</ele>
      </trkpt>
      <trkpt lat="44.16038760649939" lon="5.302329186145917">
        <ele>1601.0</ele>
      </trkpt>
      <trkpt lat="44.16047740209633" lon="5.302099946407293">
        <ele>1603.0</ele>
      </trkpt>
      <trkpt lat="44.160567197218455" lon="5.301870705944409">
        <ele>1605.0</ele>
      </trkpt>
      <trkpt lat="44.1606569918657" lon="5.3016414647572665">
        <ele>1606.0</ele>
      </trkpt>
      <trkpt lat="44.16081092668377" lon="5.301426889198247">
        <ele>1608.0</ele>
      </trkpt>
      <trkpt lat="44.16096486109456" lon="5.301212312477057">
        <ele>1610.0</ele>
      </trkpt>
      <trkpt lat="44.161118795098055" lon="5.300997734593692">
        <ele>1611.0</ele>
      </trkpt>
      <trkpt lat="44.16130351487402" lon="5.300897599441286">
        <ele>1613.0</ele>
      </trkpt>
      <trkpt lat="44.1614882345765" lon="5.300797463638063">
        <ele>1614.0</ele>
      </trkpt>
      <trkpt lat="44.1616712601543" lon="5.3006982455318115">
        <ele>1615.0</ele>
      </trkpt>
      <trkpt lat="44.16167295420553" lon="5.300697327184024">
        <ele>1616.0</ele>
      </trkpt>
      <trkpt lat="44.16184227934431" lon="5.300783157616822">
        <ele>1617.0</ele>
      </trkpt>
      <trkpt lat="44.162011604431015" lon="5.300868988560977">
        <ele>1618.0</ele>
      </trkpt>
      <trkpt lat="44.16213218433695" lon="5.3011307708755595">
        <ele>1619.0</ele>
      </trkpt>
      <trkpt lat="44.16225276362573" lon="5.30139255430079">
        <ele>1621.0</ele>
      </trkpt>
      <trkpt lat="44.162373342297414" lon="5.30165433883667">
        <ele>1623.0</ele>
      </trkpt>
      <trkpt lat="44.16249905234769" lon="5.30189394844883">
        <ele>1626.0</ele>
      </trkpt>
      <trkpt lat="44.16262476188286" lon="5.302133559120826">
        <ele>1628.0</ele>
      </trkpt>
      <trkpt lat="44.16275047090292" lon="5.30237317085266">
        <ele>1630.0</ele>
      </trkpt>
      <trkpt lat="44.16287361430098" lon="5.302436471110208">
        <ele>1632.0</ele>
      </trkpt>
      <trkpt lat="44.16299675767049" lon="5.302499771642032">
        <ele>1633.0</ele>
      </trkpt>
      <trkpt lat="44.16312759694991" lon="5.302479386638507">
        <ele>1634.0</ele>
      </trkpt>
      <trkpt lat="44.163258436234536" lon="5.302459001541136">
        <ele>1635.0</ele>
      </trkpt>
      <trkpt lat="44.16338927496609" lon="5.302372098431027">
        <ele>1636.0</ele>
      </trkpt>
      <trkpt lat="44.16352011363779" lon="5.302285194920841">
        <ele>1637.0</ele>
      </trkpt>
      <trkpt lat="44.163685585391576" lon="5.3021253354669975">
        <ele>1639.0</ele>
      </trkpt>
      <trkpt lat="44.163851056926774" lon="5.301965475082396">
        <ele>1640.0</ele>
      </trkpt>
      <trkpt lat="44.16396265374635" lon="5.301760554977923">
        <ele>1642.0</ele>
      </trkpt>
      <trkpt lat="44.16407425018968" lon="5.30155563406879">
        <ele>1644.0</ele>
      </trkpt>
      <trkpt lat="44.164166607056345" lon="5.30130427521735">
        <ele>1646.0</ele>
      </trkpt>
      <trkpt lat="44.164258963351514" lon="5.301052915549068">
        <ele>1648.0</ele>
      </trkpt>
      <trkpt lat="44.1643513190752" lon="5.3008015550639405">
        <ele>1650.0</ele>
      </trkpt>
      <trkpt lat="44.16444367422736" lon="5.300550193761971">
        <ele>1652.0</ele>
      </trkpt>
      <trkpt lat="44.16453602880802" lon="5.30029883164316">
        <ele>1653.0</ele>
      </trkpt>
      <trkpt lat="44.16462838281717" lon="5.30004746870751">
        <ele>1655.0</ele>
      </trkpt>
      <trkpt lat="44.16472073625483" lon="5.29979610495502">
        <ele>1656.0</ele>
      </trkpt>
      <trkpt lat="44.16480347101429" lon="5.299582065479325">
        <ele>1657.0</ele>
      </trkpt>
      <trkpt lat="44.164886205359736" lon="5.299368025380523">
        <ele>1658.0</ele>
      </trkpt>
      <trkpt lat="44.16496893929112" lon="5.299153984658613">
        <ele>1659.0</ele>
      </trkpt>
      <trkpt lat="44.16505167280846" lon="5.298939943313598">
        <ele>1661.0</ele>
      </trkpt>
      <trkpt lat="44.165120938918385" lon="5.298675299335802">
        <ele>1662.0</ele>
      </trkpt>
      <trkpt lat="44.165190204392395" lon="5.298410654712998">
        <ele>1664.0</ele>
      </trkpt>
      <trkpt lat="44.16525946923047" lon="5.2981460094451895">
        <ele>1666.0</ele>
      </trkpt>
      <trkpt lat="44.16531334264341" lon="5.297845602320254">
        <ele>1667.0</ele>
      </trkpt>
      <trkpt lat="44.16536721523522" lon="5.297545194625854">
        <ele>1669.0</ele>
      </trkpt>
      <trkpt lat="44.16547111316519" lon="5.297298431847553">
        <ele>1670.0</ele>
      </trkpt>
      <trkpt lat="44.16557501054572" lon="5.297051668167115">
        <ele>1672.0</ele>
      </trkpt>
      <trkpt lat="44.16575202039362" lon="5.296922207859637">
        <ele>1674.0</ele>
      </trkpt>
      <trkpt lat="44.16592903010519" lon="5.296792746745812">
        <ele>1676.0</ele>
      </trkpt>
      <trkpt lat="44.16610603968038" lon="5.296663284825626">
        <ele>1678.0</ele>
      </trkpt>
      <trkpt lat="44.16627073395344" lon="5.296558572494589">
        <ele>1680.0</ele>
      </trkpt>
      <trkpt lat="44.16643542814078" lon="5.296453859556718">
        <ele>1682.0</ele>
      </trkpt>
      <trkpt lat="44.166600122242386" lon="5.296349146012007">
        <ele>1684.0</ele>
      </trkpt>
      <trkpt lat="44.16676481625825" lon="5.296244431860453">
        <ele>1686.0</ele>
      </trkpt>
      <trkpt lat="44.16692951018836" lon="5.29613971710205">
        <ele>1687.0</ele>
      </trkpt>
      <trkpt lat="44.16708599377013" lon="5.295970917852149">
        <ele>1689.0</ele>
      </trkpt>
      <trkpt lat="44.16724247710496" lon="5.295802117672769">
        <ele>1691.0</ele>
      </trkpt>
      <trkpt lat="44.16739896019292" lon="5.295633316563907">
        <ele>1692.0</ele>
      </trkpt>
      <trkpt lat="44.16750413707707" lon="5.295462370900744">
        <ele>1694.0</ele>
      </trkpt>
      <trkpt lat="44.167609313700645" lon="5.295291424604904">
        <ele>1696.0</ele>
      </trkpt>
      <trkpt lat="44.16771449006363" lon="5.295120477676391">
        <ele>1697.0</ele>
      </trkpt>
      <trkpt lat="44.16766446738228" lon="5.294883370452725">
        <ele>1699.0</ele>
      </trkpt>
      <trkpt lat="44.16761444418977" lon="5.294646263646426">
        <ele>1700.0</ele>
      </trkpt>
      <trkpt lat="44.16748874561216" lon="5.294389485526343">
        <ele>1702.0</ele>
      </trkpt>
      <trkpt lat="44.16736304644177" lon="5.294132708542028">
        <ele>1703.0</ele>
      </trkpt>
      <trkpt lat="44.16723734667865" lon="5.293875932693481">
        <ele>1705.0</ele>
      </trkpt>
      <trkpt lat="44.16715269198386" lon="5.293645262374632">
        <ele>1706.0</ele>
      </trkpt>
      <trkpt lat="44.1670680368078" lon="5.293414592742919">
        <ele>1708.0</ele>
      </trkpt>
      <trkpt lat="44.16706418914014" lon="5.293162465078449">
        <ele>1709.0</ele>
      </trkpt>
      <trkpt lat="44.16706034089302" lon="5.292910337448118">
        <ele>1711.0</ele>
      </trkpt>
      <trkpt lat="44.16709882066437" lon="5.2926903964578">
        <ele>1712.0</ele>
      </trkpt>
      <trkpt lat="44.16713729999552" lon="5.292470455169678">
        <ele>1713.0</ele>
      </trkpt>
      <trkpt lat="44.16725658643321" lon="5.292288065339455">
        <ele>1714.0</ele>
      </trkpt>
      <trkpt lat="44.16737587257512" lon="5.2921056747436515">
        <ele>1715.0</ele>
      </trkpt>
      <trkpt lat="44.16748361467052" lon="5.291993022178574">
        <ele>1716.0</ele>
      </trkpt>
      <trkpt lat="44.16759135665633" lon="5.2918803691864005">
        <ele>1718.0</ele>
      </trkpt>
      <trkpt lat="44.16774912108371" lon="5.291826725155007">
        <ele>1720.0</ele>
      </trkpt>
      <trkpt lat="44.167906885497885" lon="5.291773080825804">
        <ele>1722.0</ele>
      </trkpt>
      <trkpt lat="44.16811390091988" lon="5.291687465974511">
        <ele>1724.0</ele>
      </trkpt>
      <trkpt lat="44.16832091629749" lon="5.291601850499542">
        <ele>1727.0</ele>
      </trkpt>
      <trkpt lat="44.16852793163072" lon="5.29151623440089">
        <ele>1729.0</ele>
      </trkpt>
      <trkpt lat="44.168734946919585" lon="5.291430617678549">
        <ele>1732.0</ele>
      </trkpt>
      <trkpt lat="44.168941962164034" lon="5.291345000332511">
        <ele>1734.0</ele>
      </trkpt>
      <trkpt lat="44.1691285815859" lon="5.291264534326278">
        <ele>1737.0</ele>
      </trkpt>
      <trkpt lat="44.16931520096697" lon="5.291184067791618">
        <ele>1739.0</ele>
      </trkpt>
      <trkpt lat="44.16941909175995" lon="5.291108965939202">
        <ele>1741.0</ele>
      </trkpt>
      <trkpt lat="44.16946141758613" lon="5.291012406414664">
        <ele>1743.0</ele>
      </trkpt>
      <trkpt lat="44.16944217857798" lon="5.290830016201651">
        <ele>1744.0</ele>
      </trkpt>
      <trkpt lat="44.169376765903415" lon="5.290701270168938">
        <ele>1745.0</ele>
      </trkpt>
      <trkpt lat="44.16926133156708" lon="5.290561795016882">
        <ele>1746.0</ele>
      </trkpt>
      <trkpt lat="44.169145897060375" lon="5.2904223204313885">
        <ele>1746.0</ele>
      </trkpt>
      <trkpt lat="44.16899006001109" lon="5.290245294151017">
        <ele>1747.0</ele>
      </trkpt>
      <trkpt lat="44.16883422268886" lon="5.290068268841423">
        <ele>1748.0</ele>
      </trkpt>
      <trkpt lat="44.16875341798156" lon="5.289931475987181">
        <ele>1749.0</ele>
      </trkpt>
      <trkpt lat="44.16867261310709" lon="5.289794683521903">
        <ele>1750.0</ele>
      </trkpt>
      <trkpt lat="44.168630286859894" lon="5.289606928751038">
        <ele>1751.0</ele>
      </trkpt>
      <trkpt lat="44.16858796029228" lon="5.289419174259819">
        <ele>1752.0</ele>
      </trkpt>
      <trkpt lat="44.168604634891366" lon="5.289172411175237">
        <ele>1753.0</ele>
      </trkpt>
      <trkpt lat="44.16862130893554" lon="5.288925647945865">
        <ele>1755.0</ele>
      </trkpt>
      <trkpt lat="44.1686379824248" lon="5.288678884571708">
        <ele>1756.0</ele>
      </trkpt>
      <trkpt lat="44.16867646121205" lon="5.288437485923799">
        <ele>1758.0</ele>
      </trkpt>
      <trkpt lat="44.168714939468906" lon="5.288196086949028">
        <ele>1759.0</ele>
      </trkpt>
      <trkpt lat="44.16878291856602" lon="5.287952900580078">
        <ele>1761.0</ele>
      </trkpt>
      <trkpt lat="44.168850897126454" lon="5.287709713629392">
        <ele>1763.0</ele>
      </trkpt>
      <trkpt lat="44.168918875150226" lon="5.287466526096976">
        <ele>1764.0</ele>
      </trkpt>
      <trkpt lat="44.16901507143263" lon="5.287207246769887">
        <ele>1766.0</ele>
      </trkpt>
      <trkpt lat="44.16911126710708" lon="5.286947966565114">
        <ele>1767.0</ele>
      </trkpt>
      <trkpt lat="44.169207462173574" lon="5.286688685482657">
        <ele>1769.0</ele>
      </trkpt>
      <trkpt lat="44.1693382878665" lon="5.286495567322648">
        <ele>1771.0</ele>
      </trkpt>
      <trkpt lat="44.16946911322844" lon="5.286302448273577">
        <ele>1773.0</ele>
      </trkpt>
      <trkpt lat="44.16959993825935" lon="5.286109328335442">
        <ele>1775.0</ele>
      </trkpt>
      <trkpt lat="44.16974230633898" lon="5.285943031793086">
        <ele>1777.0</ele>
      </trkpt>
      <trkpt lat="44.16988467417715" lon="5.285776734417594">
        <ele>1779.0</ele>
      </trkpt>
      <trkpt lat="44.17001293297503" lon="5.285665870278692">
        <ele>1781.0</ele>
      </trkpt>
      <trkpt lat="44.1701411916695" lon="5.285555005639411">
        <ele>1783.0</ele>
      </trkpt>
      <trkpt lat="44.17026945026054" lon="5.285444140499747">
        <ele>1785.0</ele>
      </trkpt>
      <trkpt lat="44.17040155596673" lon="5.285322547589673">
        <ele>1787.0</ele>
      </trkpt>
      <trkpt lat="44.17053366154726" lon="5.285200954114335">
        <ele>1789.0</ele>
      </trkpt>
      <trkpt lat="44.17066576700216" lon="5.285079360073723">
        <ele>1791.0</ele>
      </trkpt>
      <trkpt lat="44.17079081787247" lon="5.284891605855796">
        <ele>1793.0</ele>
      </trkpt>
      <trkpt lat="44.17091586842964" lon="5.2847038508116375">
        <ele>1795.0</ele>
      </trkpt>
      <trkpt lat="44.17107362407777" lon="5.284537554314316">
        <ele>1797.0</ele>
      </trkpt>
      <trkpt lat="44.17123137948684" lon="5.284371256893791">
        <ele>1798.0</ele>
      </trkpt>
      <trkpt lat="44.171366048179905" lon="5.284320295043264">
        <ele>1799.0</ele>
      </trkpt>
      <trkpt lat="44.17150071685877" lon="5.284269332951225">
        <ele>1801.0</ele>
      </trkpt>
      <trkpt lat="44.17168540433606" lon="5.2842451931485375">
        <ele>1802.0</ele>
      </trkpt>
      <trkpt lat="44.17187009182586" lon="5.284221053188958">
        <ele>1804.0</ele>
      </trkpt>
      <trkpt lat="44.17202271443253" lon="5.284197807502348">
        <ele>1806.0</ele>
      </trkpt>
      <trkpt lat="44.17217533704644" lon="5.284174561690886">
        <ele>1808.0</ele>
      </trkpt>
      <trkpt lat="44.1723279596676" lon="5.2841513157545705">
        <ele>1810.0</ele>
      </trkpt>
      <trkpt lat="44.17255111956755" lon="5.28411644744813">
        <ele>1812.0</ele>
      </trkpt>
      <trkpt lat="44.17277427948242" lon="5.284081578867857">
        <ele>1815.0</ele>
      </trkpt>
      <trkpt lat="44.17299743941224" lon="5.284046710013747">
        <ele>1817.0</ele>
      </trkpt>
      <trkpt lat="44.17322059935695" lon="5.284011840885796">
        <ele>1819.0</ele>
      </trkpt>
      <trkpt lat="44.17339630361201" lon="5.283977866448353">
        <ele>1821.0</ele>
      </trkpt>
      <trkpt lat="44.17357200787265" lon="5.283943891800831">
        <ele>1823.0</ele>
      </trkpt>
      <trkpt lat="44.17374771213891" lon="5.28390991694323">
        <ele>1825.0</ele>
      </trkpt>
      <trkpt lat="44.17387548423853" lon="5.28387350489454">
        <ele>1826.0</ele>
      </trkpt>
      <trkpt lat="44.17400325633461" lon="5.283837092682119">
        <ele>1827.0</ele>
      </trkpt>
      <trkpt lat="44.17401379310712" lon="5.283832351586053">
        <ele>1827.0</ele>
      </trkpt>
      <trkpt lat="44.17407406530339" lon="5.283807727508795">
        <ele>1828.0</ele>
      </trkpt>
      <trkpt lat="44.174122927207144" lon="5.28378516699491">
        <ele>1828.0</ele>
      </trkpt>
      <trkpt lat="44.174165412367444" lon="5.28375307923672">
        <ele>1829.0</ele>
      </trkpt>
      <trkpt lat="44.17420063090506" lon="5.283708793571072">
        <ele>1829.0</ele>
      </trkpt>
      <trkpt lat="44.174227447156646" lon="5.283660146477935">
        <ele>1829.0</ele>
      </trkpt>
      <trkpt lat="44.17424088779325" lon="5.283616096363704">
        <ele>1830.0</ele>
      </trkpt>
      <trkpt lat="44.17425200253002" lon="5.283552194854844">
        <ele>1830.0</ele>
      </trkpt>
      <trkpt lat="44.17425166882242" lon="5.283491669157537">
        <ele>1831.0</ele>
      </trkpt>
      <trkpt lat="44.17424792263992" lon="5.283416510688902">
        <ele>1833.0</ele>
      </trkpt>
      <trkpt lat="44.17424175231336" lon="5.283325437991106">
        <ele>1835.0</ele>
      </trkpt>
      <trkpt lat="44.1741925046885" lon="5.283020438657456">
        <ele>1837.0</ele>
      </trkpt>
      <trkpt lat="44.17414325621701" lon="5.282715439852416">
        <ele>1841.0</ele>
      </trkpt>
      <trkpt lat="44.174094006898926" lon="5.282410441576002">
        <ele>1845.0</ele>
      </trkpt>
      <trkpt lat="44.17404475673423" lon="5.282105443828216">
        <ele>1848.0</ele>
      </trkpt>
      <trkpt lat="44.17399550572292" lon="5.281800446609066">
        <ele>1851.0</ele>
      </trkpt>
      <trkpt lat="44.17394625386501" lon="5.281495449918563">
        <ele>1853.0</ele>
      </trkpt>
      <trkpt lat="44.17389700116051" lon="5.28119045375671">
        <ele>1856.0</ele>
      </trkpt>
      <trkpt lat="44.173847747609386" lon="5.28088545812352">
        <ele>1858.0</ele>
      </trkpt>
      <trkpt lat="44.17374001766896" lon="5.280653713507424">
        <ele>1860.0</ele>
      </trkpt>
      <trkpt lat="44.17363228724509" lon="5.280421969769933">
        <ele>1863.0</ele>
      </trkpt>
      <trkpt lat="44.17352455633777" lon="5.280190226911049">
        <ele>1865.0</ele>
      </trkpt>
      <trkpt lat="44.173416824947004" lon="5.279958484930765">
        <ele>1867.0</ele>
      </trkpt>
      <trkpt lat="44.17330909307281" lon="5.2797267438290865">
        <ele>1870.0</ele>
      </trkpt>
      <trkpt lat="44.17320905706869" lon="5.279479979730991">
        <ele>1872.0</ele>
      </trkpt>
      <trkpt lat="44.17310902051479" lon="5.2792332165016225">
        <ele>1874.0</ele>
      </trkpt>
      <trkpt lat="44.17300898341108" lon="5.278986454140977">
        <ele>1875.0</ele>
      </trkpt>
      <trkpt lat="44.17299828133685" lon="5.278767206058622">
        <ele>1877.0</ele>
      </trkpt>
      <trkpt lat="44.17298757882454" lon="5.278547958058842">
        <ele>1878.0</ele>
      </trkpt>
      <trkpt lat="44.172976875874156" lon="5.2783287101416425">
        <ele>1878.0</ele>
      </trkpt>
      <trkpt lat="44.172983052701404" lon="5.278272455549032">
        <ele>1879.0</ele>
      </trkpt>
      <trkpt lat="44.17299798350334" lon="5.278170603969682">
        <ele>1879.0</ele>
      </trkpt>
      <trkpt lat="44.17302043165127" lon="5.2780692972909256">
        <ele>1879.0</ele>
      </trkpt>
      <trkpt lat="44.17302047030164" lon="5.278069122864493">
        <ele>1879.0</ele>
      </trkpt>
      <trkpt lat="44.17305052373822" lon="5.27796802012668">
        <ele>1880.0</ele>
      </trkpt>
      <trkpt lat="44.173083214417595" lon="5.277874942509795">
        <ele>1880.0</ele>
      </trkpt>
      <trkpt lat="44.17311765805591" lon="5.277787204721407">
        <ele>1881.0</ele>
      </trkpt>
      <trkpt lat="44.17312991225039" lon="5.277752302233121">
        <ele>1881.0</ele>
      </trkpt>
      <trkpt lat="44.173167703375945" lon="5.277681836151436">
        <ele>1882.0</ele>
      </trkpt>
      <trkpt lat="44.173191879587336" lon="5.277625161866396">
        <ele>1882.0</ele>
      </trkpt>
      <trkpt lat="44.17321882389931" lon="5.277571255851504">
        <ele>1882.0</ele>
      </trkpt>
      <trkpt lat="44.173246209340036" lon="5.277500267328102">
        <ele>1883.0</ele>
      </trkpt>
      <trkpt lat="44.17327265004827" lon="5.277429240868702">
        <ele>1883.0</ele>
      </trkpt>
      <trkpt lat="44.17329834779802" lon="5.277350280058616">
        <ele>1883.0</ele>
      </trkpt>
      <trkpt lat="44.17332026212364" lon="5.277271129998737">
        <ele>1883.0</ele>
      </trkpt>
      <trkpt lat="44.17332951674652" lon="5.277205825199287">
        <ele>1883.0</ele>
      </trkpt>
      <trkpt lat="44.17333569839731" lon="5.277149570351933">
        <ele>1883.0</ele>
      </trkpt>
      <trkpt lat="44.17335041853698" lon="5.27709242661481">
        <ele>1882.0</ele>
      </trkpt>
      <trkpt lat="44.17336764005434" lon="5.277048557290521">
        <ele>1882.0</ele>
      </trkpt>
      <trkpt lat="44.17340252368775" lon="5.277017406458004">
        <ele>1882.0</ele>
      </trkpt>
      <trkpt lat="44.17343311217697" lon="5.277005773446581">
        <ele>1882.0</ele>
      </trkpt>
      <trkpt lat="44.17343969633673" lon="5.277007418550381">
        <ele>1882.0</ele>
      </trkpt>
      <trkpt lat="44.17346032820848" lon="5.277015016443824">
        <ele>1882.0</ele>
      </trkpt>
      <trkpt lat="44.17348163772129" lon="5.277033173368546">
        <ele>1882.0</ele>
      </trkpt>
      <trkpt lat="44.17349983610334" lon="5.277061699955679">
        <ele>1883.0</ele>
      </trkpt>
      <trkpt lat="44.1735155738857" lon="5.277112460320134">
        <ele>1883.0</ele>
      </trkpt>
      <trkpt lat="44.173522528074926" lon="5.27717331046012">
        <ele>1885.0</ele>
      </trkpt>
      <trkpt lat="44.17352640913349" lon="5.2772432181141165">
        <ele>1886.0</ele>
      </trkpt>
      <trkpt lat="44.173525766718065" lon="5.277268174606541">
        <ele>1887.0</ele>
      </trkpt>
      <trkpt lat="44.17352286446146" lon="5.277381153963308">
        <ele>1889.0</ele>
      </trkpt>
      <trkpt lat="44.1735137126483" lon="5.277516177639116">
        <ele>1890.0</ele>
      </trkpt>
      <trkpt lat="44.17351097423362" lon="5.277548924612607">
        <ele>1892.0</ele>
      </trkpt>
      <trkpt lat="44.17350287309033" lon="5.277643229083034">
        <ele>1893.0</ele>
      </trkpt>
      <trkpt lat="44.17349669057253" lon="5.277773139567884">
        <ele>1894.0</ele>
      </trkpt>
      <trkpt lat="44.17349509961278" lon="5.277908541344669">
        <ele>1895.0</ele>
      </trkpt>
      <trkpt lat="44.17349253129512" lon="5.278045210095141">
        <ele>1896.0</ele>
      </trkpt>
      <trkpt lat="44.173494859565324" lon="5.27817554437144">
        <ele>1896.0</ele>
      </trkpt>
      <trkpt lat="44.173498945935314" lon="5.278311226362898">
        <ele>1897.0</ele>
      </trkpt>
      <trkpt lat="44.17350626865573" lon="5.27843128914489">
        <ele>1897.0</ele>
      </trkpt>
      <trkpt lat="44.173511634883084" lon="5.278517050522543">
        <ele>1898.0</ele>
      </trkpt>
      <trkpt lat="44.173519910609315" lon="5.27860033129298">
        <ele>1898.0</ele>
      </trkpt>
      <trkpt lat="44.17353587858654" lon="5.278678725975414">
        <ele>1898.0</ele>
      </trkpt>
      <trkpt lat="44.17356611297625" lon="5.278770831938025">
        <ele>1898.0</ele>
      </trkpt>
    </trkseg>
  </trk>
</gpx>